PRAGMA defer_foreign_keys=TRUE;
CREATE TABLE d1_migrations(
		id         INTEGER PRIMARY KEY AUTOINCREMENT,
		name       TEXT UNIQUE,
		applied_at TIMESTAMP DEFAULT CURRENT_TIMESTAMP NOT NULL
);
INSERT INTO "d1_migrations" ("id","name","applied_at") VALUES(1,'0000_yielding_matthew_murdock.sql','2026-03-08 08:19:40');
INSERT INTO "d1_migrations" ("id","name","applied_at") VALUES(2,'0001_puzzling_bullseye.sql','2026-03-21 11:58:45');
INSERT INTO "d1_migrations" ("id","name","applied_at") VALUES(3,'0002_challenge_progress_unique.sql','2026-03-21 11:58:46');
INSERT INTO "d1_migrations" ("id","name","applied_at") VALUES(4,'0003_fat_scrambler.sql','2026-03-21 11:58:46');
CREATE TABLE `challenge_options` (
	`id` integer PRIMARY KEY AUTOINCREMENT NOT NULL,
	`challenge_id` integer NOT NULL,
	`text` text NOT NULL,
	`is_correct` integer DEFAULT false NOT NULL,
	`audio_url` text,
	`order` integer DEFAULT 0 NOT NULL,
	FOREIGN KEY (`challenge_id`) REFERENCES `challenges`(`id`) ON UPDATE no action ON DELETE cascade
);
INSERT INTO "challenge_options" ("id","challenge_id","text","is_correct","audio_url","order") VALUES(1,1,'你好',1,NULL,0);
INSERT INTO "challenge_options" ("id","challenge_id","text","is_correct","audio_url","order") VALUES(2,1,'我',1,NULL,1);
INSERT INTO "challenge_options" ("id","challenge_id","text","is_correct","audio_url","order") VALUES(3,1,'是',1,NULL,2);
INSERT INTO "challenge_options" ("id","challenge_id","text","is_correct","audio_url","order") VALUES(4,1,'贝多芬',1,NULL,3);
INSERT INTO "challenge_options" ("id","challenge_id","text","is_correct","audio_url","order") VALUES(5,1,'吗',0,NULL,4);
INSERT INTO "challenge_options" ("id","challenge_id","text","is_correct","audio_url","order") VALUES(6,1,'很',0,NULL,5);
INSERT INTO "challenge_options" ("id","challenge_id","text","is_correct","audio_url","order") VALUES(7,2,'was',1,NULL,0);
INSERT INTO "challenge_options" ("id","challenge_id","text","is_correct","audio_url","order") VALUES(8,2,'is',0,NULL,1);
INSERT INTO "challenge_options" ("id","challenge_id","text","is_correct","audio_url","order") VALUES(9,2,'were',0,NULL,2);
INSERT INTO "challenge_options" ("id","challenge_id","text","is_correct","audio_url","order") VALUES(10,3,'他很小的时候就开始学习音乐了',1,NULL,0);
INSERT INTO "challenge_options" ("id","challenge_id","text","is_correct","audio_url","order") VALUES(11,3,'他在很老的时候才开始学习音乐',0,NULL,1);
INSERT INTO "challenge_options" ("id","challenge_id","text","is_correct","audio_url","order") VALUES(12,3,'他从来没有学过音乐',0,NULL,2);
INSERT INTO "challenge_options" ("id","challenge_id","text","is_correct","audio_url","order") VALUES(13,4,'composer',1,NULL,0);
INSERT INTO "challenge_options" ("id","challenge_id","text","is_correct","audio_url","order") VALUES(14,4,'作曲家',1,NULL,1);
INSERT INTO "challenge_options" ("id","challenge_id","text","is_correct","audio_url","order") VALUES(15,4,'piano',1,NULL,2);
INSERT INTO "challenge_options" ("id","challenge_id","text","is_correct","audio_url","order") VALUES(16,4,'钢琴',1,NULL,3);
INSERT INTO "challenge_options" ("id","challenge_id","text","is_correct","audio_url","order") VALUES(17,4,'symphony',1,NULL,4);
INSERT INTO "challenge_options" ("id","challenge_id","text","is_correct","audio_url","order") VALUES(18,4,'交响曲',1,NULL,5);
INSERT INTO "challenge_options" ("id","challenge_id","text","is_correct","audio_url","order") VALUES(19,5,'他们',1,NULL,0);
INSERT INTO "challenge_options" ("id","challenge_id","text","is_correct","audio_url","order") VALUES(20,5,'说',1,NULL,1);
INSERT INTO "challenge_options" ("id","challenge_id","text","is_correct","audio_url","order") VALUES(21,5,'一点点',1,NULL,2);
INSERT INTO "challenge_options" ("id","challenge_id","text","is_correct","audio_url","order") VALUES(22,5,'中文',1,NULL,3);
INSERT INTO "challenge_options" ("id","challenge_id","text","is_correct","audio_url","order") VALUES(23,5,'黑色',0,NULL,4);
INSERT INTO "challenge_options" ("id","challenge_id","text","is_correct","audio_url","order") VALUES(24,5,'很',0,NULL,5);
INSERT INTO "challenge_options" ("id","challenge_id","text","is_correct","audio_url","order") VALUES(25,5,'电脑',0,NULL,6);
INSERT INTO "challenge_options" ("id","challenge_id","text","is_correct","audio_url","order") VALUES(26,5,'的',0,NULL,7);
INSERT INTO "challenge_options" ("id","challenge_id","text","is_correct","audio_url","order") VALUES(27,6,'was',1,NULL,0);
INSERT INTO "challenge_options" ("id","challenge_id","text","is_correct","audio_url","order") VALUES(28,6,'is',0,NULL,1);
INSERT INTO "challenge_options" ("id","challenge_id","text","is_correct","audio_url","order") VALUES(29,6,'are',0,NULL,2);
INSERT INTO "challenge_options" ("id","challenge_id","text","is_correct","audio_url","order") VALUES(30,7,'贝多芬创作了九首交响曲',1,NULL,0);
INSERT INTO "challenge_options" ("id","challenge_id","text","is_correct","audio_url","order") VALUES(31,7,'贝多芬只弹钢琴',0,NULL,1);
INSERT INTO "challenge_options" ("id","challenge_id","text","is_correct","audio_url","order") VALUES(32,7,'贝多芬住在法国',0,NULL,2);
INSERT INTO "challenge_options" ("id","challenge_id","text","is_correct","audio_url","order") VALUES(33,8,'他',1,NULL,0);
INSERT INTO "challenge_options" ("id","challenge_id","text","is_correct","audio_url","order") VALUES(34,8,'失去了',1,NULL,1);
INSERT INTO "challenge_options" ("id","challenge_id","text","is_correct","audio_url","order") VALUES(35,8,'听力',1,NULL,2);
INSERT INTO "challenge_options" ("id","challenge_id","text","is_correct","audio_url","order") VALUES(36,8,'看到',0,NULL,3);
INSERT INTO "challenge_options" ("id","challenge_id","text","is_correct","audio_url","order") VALUES(37,8,'音乐',0,NULL,4);
INSERT INTO "challenge_options" ("id","challenge_id","text","is_correct","audio_url","order") VALUES(38,9,'诺贝尔',1,NULL,0);
INSERT INTO "challenge_options" ("id","challenge_id","text","is_correct","audio_url","order") VALUES(39,9,'是',1,NULL,1);
INSERT INTO "challenge_options" ("id","challenge_id","text","is_correct","audio_url","order") VALUES(40,9,'一位',1,NULL,2);
INSERT INTO "challenge_options" ("id","challenge_id","text","is_correct","audio_url","order") VALUES(41,9,'瑞典',1,NULL,3);
INSERT INTO "challenge_options" ("id","challenge_id","text","is_correct","audio_url","order") VALUES(42,9,'发明家',1,NULL,4);
INSERT INTO "challenge_options" ("id","challenge_id","text","is_correct","audio_url","order") VALUES(43,9,'法国',0,NULL,5);
INSERT INTO "challenge_options" ("id","challenge_id","text","is_correct","audio_url","order") VALUES(44,9,'画家',0,NULL,6);
INSERT INTO "challenge_options" ("id","challenge_id","text","is_correct","audio_url","order") VALUES(45,10,'was',1,NULL,0);
INSERT INTO "challenge_options" ("id","challenge_id","text","is_correct","audio_url","order") VALUES(46,10,'is',0,NULL,1);
INSERT INTO "challenge_options" ("id","challenge_id","text","is_correct","audio_url","order") VALUES(47,10,'has',0,NULL,2);
INSERT INTO "challenge_options" ("id","challenge_id","text","is_correct","audio_url","order") VALUES(48,11,'inventor',1,NULL,0);
INSERT INTO "challenge_options" ("id","challenge_id","text","is_correct","audio_url","order") VALUES(49,11,'发明家',1,NULL,1);
INSERT INTO "challenge_options" ("id","challenge_id","text","is_correct","audio_url","order") VALUES(50,11,'prize',1,NULL,2);
INSERT INTO "challenge_options" ("id","challenge_id","text","is_correct","audio_url","order") VALUES(51,11,'奖项',1,NULL,3);
INSERT INTO "challenge_options" ("id","challenge_id","text","is_correct","audio_url","order") VALUES(52,11,'peace',1,NULL,4);
INSERT INTO "challenge_options" ("id","challenge_id","text","is_correct","audio_url","order") VALUES(53,11,'和平',1,NULL,5);
INSERT INTO "challenge_options" ("id","challenge_id","text","is_correct","audio_url","order") VALUES(91,109,'从前；有一次',1,NULL,0);
INSERT INTO "challenge_options" ("id","challenge_id","text","is_correct","audio_url","order") VALUES(92,109,'明天',0,NULL,1);
INSERT INTO "challenge_options" ("id","challenge_id","text","is_correct","audio_url","order") VALUES(93,109,'昨天',0,NULL,2);
INSERT INTO "challenge_options" ("id","challenge_id","text","is_correct","audio_url","order") VALUES(94,110,'兔子',1,NULL,0);
INSERT INTO "challenge_options" ("id","challenge_id","text","is_correct","audio_url","order") VALUES(95,110,'乌龟',0,NULL,1);
INSERT INTO "challenge_options" ("id","challenge_id","text","is_correct","audio_url","order") VALUES(96,110,'老虎',0,NULL,2);
INSERT INTO "challenge_options" ("id","challenge_id","text","is_correct","audio_url","order") VALUES(97,111,'总是',1,NULL,0);
INSERT INTO "challenge_options" ("id","challenge_id","text","is_correct","audio_url","order") VALUES(98,111,'从不',0,NULL,1);
INSERT INTO "challenge_options" ("id","challenge_id","text","is_correct","audio_url","order") VALUES(99,111,'有时',0,NULL,2);
INSERT INTO "challenge_options" ("id","challenge_id","text","is_correct","audio_url","order") VALUES(100,112,'炫耀',1,NULL,0);
INSERT INTO "challenge_options" ("id","challenge_id","text","is_correct","audio_url","order") VALUES(101,112,'谦虚',0,NULL,1);
INSERT INTO "challenge_options" ("id","challenge_id","text","is_correct","audio_url","order") VALUES(102,112,'害羞',0,NULL,2);
INSERT INTO "challenge_options" ("id","challenge_id","text","is_correct","audio_url","order") VALUES(103,113,'关于',1,NULL,0);
INSERT INTO "challenge_options" ("id","challenge_id","text","is_correct","audio_url","order") VALUES(104,113,'除了',0,NULL,1);
INSERT INTO "challenge_options" ("id","challenge_id","text","is_correct","audio_url","order") VALUES(105,113,'为了',0,NULL,2);
INSERT INTO "challenge_options" ("id","challenge_id","text","is_correct","audio_url","order") VALUES(106,114,'快',1,NULL,0);
INSERT INTO "challenge_options" ("id","challenge_id","text","is_correct","audio_url","order") VALUES(107,114,'慢',0,NULL,1);
INSERT INTO "challenge_options" ("id","challenge_id","text","is_correct","audio_url","order") VALUES(108,114,'高',0,NULL,2);
INSERT INTO "challenge_options" ("id","challenge_id","text","is_correct","audio_url","order") VALUES(109,115,'让开',1,NULL,0);
INSERT INTO "challenge_options" ("id","challenge_id","text","is_correct","audio_url","order") VALUES(110,115,'进来',0,NULL,1);
INSERT INTO "challenge_options" ("id","challenge_id","text","is_correct","audio_url","order") VALUES(111,115,'坐下',0,NULL,2);
INSERT INTO "challenge_options" ("id","challenge_id","text","is_correct","audio_url","order") VALUES(112,116,'最好',1,NULL,0);
INSERT INTO "challenge_options" ("id","challenge_id","text","is_correct","audio_url","order") VALUES(113,116,'最差',0,NULL,1);
INSERT INTO "challenge_options" ("id","challenge_id","text","is_correct","audio_url","order") VALUES(114,116,'一般',0,NULL,2);
INSERT INTO "challenge_options" ("id","challenge_id","text","is_correct","audio_url","order") VALUES(115,117,'说',1,NULL,0);
INSERT INTO "challenge_options" ("id","challenge_id","text","is_correct","audio_url","order") VALUES(116,117,'听',0,NULL,1);
INSERT INTO "challenge_options" ("id","challenge_id","text","is_correct","audio_url","order") VALUES(117,117,'看',0,NULL,2);
INSERT INTO "challenge_options" ("id","challenge_id","text","is_correct","audio_url","order") VALUES(118,118,'嘲笑',1,NULL,0);
INSERT INTO "challenge_options" ("id","challenge_id","text","is_correct","audio_url","order") VALUES(119,118,'表扬',0,NULL,1);
INSERT INTO "challenge_options" ("id","challenge_id","text","is_correct","audio_url","order") VALUES(120,118,'帮助',0,NULL,2);
INSERT INTO "challenge_options" ("id","challenge_id","text","is_correct","audio_url","order") VALUES(121,119,'乌龟',1,NULL,0);
INSERT INTO "challenge_options" ("id","challenge_id","text","is_correct","audio_url","order") VALUES(122,119,'兔子',0,NULL,1);
INSERT INTO "challenge_options" ("id","challenge_id","text","is_correct","audio_url","order") VALUES(123,119,'狮子',0,NULL,2);
INSERT INTO "challenge_options" ("id","challenge_id","text","is_correct","audio_url","order") VALUES(124,120,'慢',1,NULL,0);
INSERT INTO "challenge_options" ("id","challenge_id","text","is_correct","audio_url","order") VALUES(125,120,'快',0,NULL,1);
INSERT INTO "challenge_options" ("id","challenge_id","text","is_correct","audio_url","order") VALUES(126,120,'高',0,NULL,2);
INSERT INTO "challenge_options" ("id","challenge_id","text","is_correct","audio_url","order") VALUES(127,121,'最快的',1,NULL,0);
INSERT INTO "challenge_options" ("id","challenge_id","text","is_correct","audio_url","order") VALUES(128,121,'最慢的',0,NULL,1);
INSERT INTO "challenge_options" ("id","challenge_id","text","is_correct","audio_url","order") VALUES(129,121,'最高的',0,NULL,2);
INSERT INTO "challenge_options" ("id","challenge_id","text","is_correct","audio_url","order") VALUES(130,122,'跑步者',1,NULL,0);
INSERT INTO "challenge_options" ("id","challenge_id","text","is_correct","audio_url","order") VALUES(131,122,'游泳者',0,NULL,1);
INSERT INTO "challenge_options" ("id","challenge_id","text","is_correct","audio_url","order") VALUES(132,122,'飞行者',0,NULL,2);
INSERT INTO "challenge_options" ("id","challenge_id","text","is_correct","audio_url","order") VALUES(133,123,'树林',1,NULL,0);
INSERT INTO "challenge_options" ("id","challenge_id","text","is_correct","audio_url","order") VALUES(134,123,'海洋',0,NULL,1);
INSERT INTO "challenge_options" ("id","challenge_id","text","is_correct","audio_url","order") VALUES(135,123,'沙漠',0,NULL,2);
INSERT INTO "challenge_options" ("id","challenge_id","text","is_correct","audio_url","order") VALUES(136,124,'挑战',1,NULL,0);
INSERT INTO "challenge_options" ("id","challenge_id","text","is_correct","audio_url","order") VALUES(137,124,'放弃',0,NULL,1);
INSERT INTO "challenge_options" ("id","challenge_id","text","is_correct","audio_url","order") VALUES(138,124,'休息',0,NULL,2);
INSERT INTO "challenge_options" ("id","challenge_id","text","is_correct","audio_url","order") VALUES(139,125,'赛跑',1,NULL,0);
INSERT INTO "challenge_options" ("id","challenge_id","text","is_correct","audio_url","order") VALUES(140,125,'散步',0,NULL,1);
INSERT INTO "challenge_options" ("id","challenge_id","text","is_correct","audio_url","order") VALUES(141,125,'睡觉',0,NULL,2);
INSERT INTO "challenge_options" ("id","challenge_id","text","is_correct","audio_url","order") VALUES(142,126,'树',1,NULL,0);
INSERT INTO "challenge_options" ("id","challenge_id","text","is_correct","audio_url","order") VALUES(143,126,'花',0,NULL,1);
INSERT INTO "challenge_options" ("id","challenge_id","text","is_correct","audio_url","order") VALUES(144,126,'草',0,NULL,2);
INSERT INTO "challenge_options" ("id","challenge_id","text","is_correct","audio_url","order") VALUES(145,127,'山丘',1,NULL,0);
INSERT INTO "challenge_options" ("id","challenge_id","text","is_correct","audio_url","order") VALUES(146,127,'河流',0,NULL,1);
INSERT INTO "challenge_options" ("id","challenge_id","text","is_correct","audio_url","order") VALUES(147,127,'天空',0,NULL,2);
INSERT INTO "challenge_options" ("id","challenge_id","text","is_correct","audio_url","order") VALUES(148,128,'第一',1,NULL,0);
INSERT INTO "challenge_options" ("id","challenge_id","text","is_correct","audio_url","order") VALUES(149,128,'最后',0,NULL,1);
INSERT INTO "challenge_options" ("id","challenge_id","text","is_correct","audio_url","order") VALUES(150,128,'中间',0,NULL,2);
INSERT INTO "challenge_options" ("id","challenge_id","text","is_correct","audio_url","order") VALUES(151,129,'说（过去式）',1,NULL,0);
INSERT INTO "challenge_options" ("id","challenge_id","text","is_correct","audio_url","order") VALUES(152,129,'跑（过去式）',0,NULL,1);
INSERT INTO "challenge_options" ("id","challenge_id","text","is_correct","audio_url","order") VALUES(153,129,'睡（过去式）',0,NULL,2);
INSERT INTO "challenge_options" ("id","challenge_id","text","is_correct","audio_url","order") VALUES(154,130,'once',1,NULL,0);
INSERT INTO "challenge_options" ("id","challenge_id","text","is_correct","audio_url","order") VALUES(155,130,'从前；有一次',1,NULL,1);
INSERT INTO "challenge_options" ("id","challenge_id","text","is_correct","audio_url","order") VALUES(156,130,'rabbit',1,NULL,2);
INSERT INTO "challenge_options" ("id","challenge_id","text","is_correct","audio_url","order") VALUES(157,130,'兔子',1,NULL,3);
INSERT INTO "challenge_options" ("id","challenge_id","text","is_correct","audio_url","order") VALUES(158,130,'always',1,NULL,4);
INSERT INTO "challenge_options" ("id","challenge_id","text","is_correct","audio_url","order") VALUES(159,130,'总是',1,NULL,5);
INSERT INTO "challenge_options" ("id","challenge_id","text","is_correct","audio_url","order") VALUES(160,130,'brag',1,NULL,6);
INSERT INTO "challenge_options" ("id","challenge_id","text","is_correct","audio_url","order") VALUES(161,130,'炫耀',1,NULL,7);
INSERT INTO "challenge_options" ("id","challenge_id","text","is_correct","audio_url","order") VALUES(162,130,'about',1,NULL,8);
INSERT INTO "challenge_options" ("id","challenge_id","text","is_correct","audio_url","order") VALUES(163,130,'关于',1,NULL,9);
INSERT INTO "challenge_options" ("id","challenge_id","text","is_correct","audio_url","order") VALUES(164,131,'fast',1,NULL,0);
INSERT INTO "challenge_options" ("id","challenge_id","text","is_correct","audio_url","order") VALUES(165,131,'快',1,NULL,1);
INSERT INTO "challenge_options" ("id","challenge_id","text","is_correct","audio_url","order") VALUES(166,131,'get out',1,NULL,2);
INSERT INTO "challenge_options" ("id","challenge_id","text","is_correct","audio_url","order") VALUES(167,131,'让开',1,NULL,3);
INSERT INTO "challenge_options" ("id","challenge_id","text","is_correct","audio_url","order") VALUES(168,131,'best',1,NULL,4);
INSERT INTO "challenge_options" ("id","challenge_id","text","is_correct","audio_url","order") VALUES(169,131,'最好',1,NULL,5);
INSERT INTO "challenge_options" ("id","challenge_id","text","is_correct","audio_url","order") VALUES(170,131,'say',1,NULL,6);
INSERT INTO "challenge_options" ("id","challenge_id","text","is_correct","audio_url","order") VALUES(171,131,'说',1,NULL,7);
INSERT INTO "challenge_options" ("id","challenge_id","text","is_correct","audio_url","order") VALUES(172,131,'tease',1,NULL,8);
INSERT INTO "challenge_options" ("id","challenge_id","text","is_correct","audio_url","order") VALUES(173,131,'嘲笑',1,NULL,9);
INSERT INTO "challenge_options" ("id","challenge_id","text","is_correct","audio_url","order") VALUES(174,132,'tortoise',1,NULL,0);
INSERT INTO "challenge_options" ("id","challenge_id","text","is_correct","audio_url","order") VALUES(175,132,'乌龟',1,NULL,1);
INSERT INTO "challenge_options" ("id","challenge_id","text","is_correct","audio_url","order") VALUES(176,132,'slow',1,NULL,2);
INSERT INTO "challenge_options" ("id","challenge_id","text","is_correct","audio_url","order") VALUES(177,132,'慢',1,NULL,3);
INSERT INTO "challenge_options" ("id","challenge_id","text","is_correct","audio_url","order") VALUES(178,132,'fastest',1,NULL,4);
INSERT INTO "challenge_options" ("id","challenge_id","text","is_correct","audio_url","order") VALUES(179,132,'最快的',1,NULL,5);
INSERT INTO "challenge_options" ("id","challenge_id","text","is_correct","audio_url","order") VALUES(180,132,'runner',1,NULL,6);
INSERT INTO "challenge_options" ("id","challenge_id","text","is_correct","audio_url","order") VALUES(181,132,'跑步者',1,NULL,7);
INSERT INTO "challenge_options" ("id","challenge_id","text","is_correct","audio_url","order") VALUES(182,132,'woods',1,NULL,8);
INSERT INTO "challenge_options" ("id","challenge_id","text","is_correct","audio_url","order") VALUES(183,132,'树林',1,NULL,9);
INSERT INTO "challenge_options" ("id","challenge_id","text","is_correct","audio_url","order") VALUES(184,133,'challenge',1,NULL,0);
INSERT INTO "challenge_options" ("id","challenge_id","text","is_correct","audio_url","order") VALUES(185,133,'挑战',1,NULL,1);
INSERT INTO "challenge_options" ("id","challenge_id","text","is_correct","audio_url","order") VALUES(186,133,'race',1,NULL,2);
INSERT INTO "challenge_options" ("id","challenge_id","text","is_correct","audio_url","order") VALUES(187,133,'赛跑',1,NULL,3);
INSERT INTO "challenge_options" ("id","challenge_id","text","is_correct","audio_url","order") VALUES(188,133,'tree',1,NULL,4);
INSERT INTO "challenge_options" ("id","challenge_id","text","is_correct","audio_url","order") VALUES(189,133,'树',1,NULL,5);
INSERT INTO "challenge_options" ("id","challenge_id","text","is_correct","audio_url","order") VALUES(190,133,'hill',1,NULL,6);
INSERT INTO "challenge_options" ("id","challenge_id","text","is_correct","audio_url","order") VALUES(191,133,'山丘',1,NULL,7);
INSERT INTO "challenge_options" ("id","challenge_id","text","is_correct","audio_url","order") VALUES(192,133,'first',1,NULL,8);
INSERT INTO "challenge_options" ("id","challenge_id","text","is_correct","audio_url","order") VALUES(193,133,'第一',1,NULL,9);
INSERT INTO "challenge_options" ("id","challenge_id","text","is_correct","audio_url","order") VALUES(194,134,'said',1,NULL,0);
INSERT INTO "challenge_options" ("id","challenge_id","text","is_correct","audio_url","order") VALUES(195,134,'说（过去式）',1,NULL,1);
INSERT INTO "challenge_options" ("id","challenge_id","text","is_correct","audio_url","order") VALUES(196,134,'once',1,NULL,2);
INSERT INTO "challenge_options" ("id","challenge_id","text","is_correct","audio_url","order") VALUES(197,134,'从前；有一次',1,NULL,3);
INSERT INTO "challenge_options" ("id","challenge_id","text","is_correct","audio_url","order") VALUES(198,134,'rabbit',1,NULL,4);
INSERT INTO "challenge_options" ("id","challenge_id","text","is_correct","audio_url","order") VALUES(199,134,'兔子',1,NULL,5);
INSERT INTO "challenge_options" ("id","challenge_id","text","is_correct","audio_url","order") VALUES(200,134,'tortoise',1,NULL,6);
INSERT INTO "challenge_options" ("id","challenge_id","text","is_correct","audio_url","order") VALUES(201,134,'乌龟',1,NULL,7);
INSERT INTO "challenge_options" ("id","challenge_id","text","is_correct","audio_url","order") VALUES(202,134,'slow',1,NULL,8);
INSERT INTO "challenge_options" ("id","challenge_id","text","is_correct","audio_url","order") VALUES(203,134,'慢',1,NULL,9);
INSERT INTO "challenge_options" ("id","challenge_id","text","is_correct","audio_url","order") VALUES(204,189,'从前',1,NULL,0);
INSERT INTO "challenge_options" ("id","challenge_id","text","is_correct","audio_url","order") VALUES(205,189,'有一只',1,NULL,1);
INSERT INTO "challenge_options" ("id","challenge_id","text","is_correct","audio_url","order") VALUES(206,189,'兔子',1,NULL,2);
INSERT INTO "challenge_options" ("id","challenge_id","text","is_correct","audio_url","order") VALUES(207,189,'他',1,NULL,3);
INSERT INTO "challenge_options" ("id","challenge_id","text","is_correct","audio_url","order") VALUES(208,189,'总是',1,NULL,4);
INSERT INTO "challenge_options" ("id","challenge_id","text","is_correct","audio_url","order") VALUES(209,189,'炫耀',1,NULL,5);
INSERT INTO "challenge_options" ("id","challenge_id","text","is_correct","audio_url","order") VALUES(210,189,'自己',1,NULL,6);
INSERT INTO "challenge_options" ("id","challenge_id","text","is_correct","audio_url","order") VALUES(211,189,'跑得',1,NULL,7);
INSERT INTO "challenge_options" ("id","challenge_id","text","is_correct","audio_url","order") VALUES(212,189,'多快',1,NULL,8);
INSERT INTO "challenge_options" ("id","challenge_id","text","is_correct","audio_url","order") VALUES(213,189,'乌龟',0,NULL,9);
INSERT INTO "challenge_options" ("id","challenge_id","text","is_correct","audio_url","order") VALUES(214,189,'赛跑',0,NULL,10);
INSERT INTO "challenge_options" ("id","challenge_id","text","is_correct","audio_url","order") VALUES(215,189,'赢了',0,NULL,11);
INSERT INTO "challenge_options" ("id","challenge_id","text","is_correct","audio_url","order") VALUES(216,190,'让开',1,NULL,0);
INSERT INTO "challenge_options" ("id","challenge_id","text","is_correct","audio_url","order") VALUES(217,190,'进来',0,NULL,1);
INSERT INTO "challenge_options" ("id","challenge_id","text","is_correct","audio_url","order") VALUES(218,190,'赛跑',0,NULL,2);
INSERT INTO "challenge_options" ("id","challenge_id","text","is_correct","audio_url","order") VALUES(219,191,'我',1,NULL,0);
INSERT INTO "challenge_options" ("id","challenge_id","text","is_correct","audio_url","order") VALUES(220,191,'最棒',1,NULL,1);
INSERT INTO "challenge_options" ("id","challenge_id","text","is_correct","audio_url","order") VALUES(221,191,'他',1,NULL,2);
INSERT INTO "challenge_options" ("id","challenge_id","text","is_correct","audio_url","order") VALUES(222,191,'总',1,NULL,3);
INSERT INTO "challenge_options" ("id","challenge_id","text","is_correct","audio_url","order") VALUES(223,191,'这么说',1,NULL,4);
INSERT INTO "challenge_options" ("id","challenge_id","text","is_correct","audio_url","order") VALUES(224,191,'乌龟',0,NULL,5);
INSERT INTO "challenge_options" ("id","challenge_id","text","is_correct","audio_url","order") VALUES(225,191,'赛跑',0,NULL,6);
INSERT INTO "challenge_options" ("id","challenge_id","text","is_correct","audio_url","order") VALUES(226,192,'他',1,NULL,0);
INSERT INTO "challenge_options" ("id","challenge_id","text","is_correct","audio_url","order") VALUES(227,192,'总是',1,NULL,1);
INSERT INTO "challenge_options" ("id","challenge_id","text","is_correct","audio_url","order") VALUES(228,192,'嘲笑',1,NULL,2);
INSERT INTO "challenge_options" ("id","challenge_id","text","is_correct","audio_url","order") VALUES(229,192,'乌龟',1,NULL,3);
INSERT INTO "challenge_options" ("id","challenge_id","text","is_correct","audio_url","order") VALUES(230,192,'跑得',1,NULL,4);
INSERT INTO "challenge_options" ("id","challenge_id","text","is_correct","audio_url","order") VALUES(231,192,'慢',1,NULL,5);
INSERT INTO "challenge_options" ("id","challenge_id","text","is_correct","audio_url","order") VALUES(232,192,'野兔',0,NULL,6);
INSERT INTO "challenge_options" ("id","challenge_id","text","is_correct","audio_url","order") VALUES(233,192,'赢了',0,NULL,7);
INSERT INTO "challenge_options" ("id","challenge_id","text","is_correct","audio_url","order") VALUES(234,192,'炫耀',0,NULL,8);
INSERT INTO "challenge_options" ("id","challenge_id","text","is_correct","audio_url","order") VALUES(235,193,'我是',1,NULL,0);
INSERT INTO "challenge_options" ("id","challenge_id","text","is_correct","audio_url","order") VALUES(236,193,'树林里',1,NULL,1);
INSERT INTO "challenge_options" ("id","challenge_id","text","is_correct","audio_url","order") VALUES(237,193,'最快的',1,NULL,2);
INSERT INTO "challenge_options" ("id","challenge_id","text","is_correct","audio_url","order") VALUES(238,193,'跑步者',1,NULL,3);
INSERT INTO "challenge_options" ("id","challenge_id","text","is_correct","audio_url","order") VALUES(239,193,'乌龟',0,NULL,4);
INSERT INTO "challenge_options" ("id","challenge_id","text","is_correct","audio_url","order") VALUES(240,193,'慢',0,NULL,5);
INSERT INTO "challenge_options" ("id","challenge_id","text","is_correct","audio_url","order") VALUES(241,193,'赛跑',0,NULL,6);
INSERT INTO "challenge_options" ("id","challenge_id","text","is_correct","audio_url","order") VALUES(242,194,'你为什么',1,NULL,0);
INSERT INTO "challenge_options" ("id","challenge_id","text","is_correct","audio_url","order") VALUES(243,194,'这么慢',1,NULL,1);
INSERT INTO "challenge_options" ("id","challenge_id","text","is_correct","audio_url","order") VALUES(244,194,'快',0,NULL,2);
INSERT INTO "challenge_options" ("id","challenge_id","text","is_correct","audio_url","order") VALUES(245,194,'赢了',0,NULL,3);
INSERT INTO "challenge_options" ("id","challenge_id","text","is_correct","audio_url","order") VALUES(246,194,'赛跑',0,NULL,4);
INSERT INTO "challenge_options" ("id","challenge_id","text","is_correct","audio_url","order") VALUES(247,195,'有一天',1,NULL,0);
INSERT INTO "challenge_options" ("id","challenge_id","text","is_correct","audio_url","order") VALUES(248,195,'乌龟',1,NULL,1);
INSERT INTO "challenge_options" ("id","challenge_id","text","is_correct","audio_url","order") VALUES(249,195,'向',1,NULL,2);
INSERT INTO "challenge_options" ("id","challenge_id","text","is_correct","audio_url","order") VALUES(250,195,'兔子',1,NULL,3);
INSERT INTO "challenge_options" ("id","challenge_id","text","is_correct","audio_url","order") VALUES(251,195,'发起',1,NULL,4);
INSERT INTO "challenge_options" ("id","challenge_id","text","is_correct","audio_url","order") VALUES(252,195,'赛跑',1,NULL,5);
INSERT INTO "challenge_options" ("id","challenge_id","text","is_correct","audio_url","order") VALUES(253,195,'挑战',1,NULL,6);
INSERT INTO "challenge_options" ("id","challenge_id","text","is_correct","audio_url","order") VALUES(254,195,'赢了',0,NULL,7);
INSERT INTO "challenge_options" ("id","challenge_id","text","is_correct","audio_url","order") VALUES(255,195,'睡觉',0,NULL,8);
INSERT INTO "challenge_options" ("id","challenge_id","text","is_correct","audio_url","order") VALUES(256,196,'我们',1,NULL,0);
INSERT INTO "challenge_options" ("id","challenge_id","text","is_correct","audio_url","order") VALUES(257,196,'看看',1,NULL,1);
INSERT INTO "challenge_options" ("id","challenge_id","text","is_correct","audio_url","order") VALUES(258,196,'谁',1,NULL,2);
INSERT INTO "challenge_options" ("id","challenge_id","text","is_correct","audio_url","order") VALUES(259,196,'先',1,NULL,3);
INSERT INTO "challenge_options" ("id","challenge_id","text","is_correct","audio_url","order") VALUES(260,196,'到',1,NULL,4);
INSERT INTO "challenge_options" ("id","challenge_id","text","is_correct","audio_url","order") VALUES(261,196,'山丘上',1,NULL,5);
INSERT INTO "challenge_options" ("id","challenge_id","text","is_correct","audio_url","order") VALUES(262,196,'的',1,NULL,6);
INSERT INTO "challenge_options" ("id","challenge_id","text","is_correct","audio_url","order") VALUES(263,196,'树',1,NULL,7);
INSERT INTO "challenge_options" ("id","challenge_id","text","is_correct","audio_url","order") VALUES(264,196,'那里',1,NULL,8);
INSERT INTO "challenge_options" ("id","challenge_id","text","is_correct","audio_url","order") VALUES(265,196,'他说',1,NULL,9);
INSERT INTO "challenge_options" ("id","challenge_id","text","is_correct","audio_url","order") VALUES(266,196,'赢了',0,NULL,10);
INSERT INTO "challenge_options" ("id","challenge_id","text","is_correct","audio_url","order") VALUES(267,196,'炫耀',0,NULL,11);
INSERT INTO "challenge_options" ("id","challenge_id","text","is_correct","audio_url","order") VALUES(268,196,'终点',0,NULL,12);
INSERT INTO "challenge_options" ("id","challenge_id","text","is_correct","audio_url","order") VALUES(269,135,'野兔',1,NULL,0);
INSERT INTO "challenge_options" ("id","challenge_id","text","is_correct","audio_url","order") VALUES(270,135,'乌龟',0,NULL,1);
INSERT INTO "challenge_options" ("id","challenge_id","text","is_correct","audio_url","order") VALUES(271,135,'老鼠',0,NULL,2);
INSERT INTO "challenge_options" ("id","challenge_id","text","is_correct","audio_url","order") VALUES(272,136,'开始',1,NULL,0);
INSERT INTO "challenge_options" ("id","challenge_id","text","is_correct","audio_url","order") VALUES(273,136,'结束',0,NULL,1);
INSERT INTO "challenge_options" ("id","challenge_id","text","is_correct","audio_url","order") VALUES(274,136,'休息',0,NULL,2);
INSERT INTO "challenge_options" ("id","challenge_id","text","is_correct","audio_url","order") VALUES(275,137,'跑步',1,NULL,0);
INSERT INTO "challenge_options" ("id","challenge_id","text","is_correct","audio_url","order") VALUES(276,137,'走路',0,NULL,1);
INSERT INTO "challenge_options" ("id","challenge_id","text","is_correct","audio_url","order") VALUES(277,137,'睡觉',0,NULL,2);
INSERT INTO "challenge_options" ("id","challenge_id","text","is_correct","audio_url","order") VALUES(278,138,'更快',1,NULL,0);
INSERT INTO "challenge_options" ("id","challenge_id","text","is_correct","audio_url","order") VALUES(279,138,'更慢',0,NULL,1);
INSERT INTO "challenge_options" ("id","challenge_id","text","is_correct","audio_url","order") VALUES(280,138,'更高',0,NULL,2);
INSERT INTO "challenge_options" ("id","challenge_id","text","is_correct","audio_url","order") VALUES(281,139,'一度',1,NULL,0);
INSERT INTO "challenge_options" ("id","challenge_id","text","is_correct","audio_url","order") VALUES(282,139,'从不',0,NULL,1);
INSERT INTO "challenge_options" ("id","challenge_id","text","is_correct","audio_url","order") VALUES(283,139,'一直',0,NULL,2);
INSERT INTO "challenge_options" ("id","challenge_id","text","is_correct","audio_url","order") VALUES(284,140,'回头看',1,NULL,0);
INSERT INTO "challenge_options" ("id","challenge_id","text","is_correct","audio_url","order") VALUES(285,140,'向前看',0,NULL,1);
INSERT INTO "challenge_options" ("id","challenge_id","text","is_correct","audio_url","order") VALUES(286,140,'闭眼',0,NULL,2);
INSERT INTO "challenge_options" ("id","challenge_id","text","is_correct","audio_url","order") VALUES(287,141,'不能',1,NULL,0);
INSERT INTO "challenge_options" ("id","challenge_id","text","is_correct","audio_url","order") VALUES(288,141,'能够',0,NULL,1);
INSERT INTO "challenge_options" ("id","challenge_id","text","is_correct","audio_url","order") VALUES(289,141,'必须',0,NULL,2);
INSERT INTO "challenge_options" ("id","challenge_id","text","is_correct","audio_url","order") VALUES(290,142,'甚至',1,NULL,0);
INSERT INTO "challenge_options" ("id","challenge_id","text","is_correct","audio_url","order") VALUES(291,142,'仅仅',0,NULL,1);
INSERT INTO "challenge_options" ("id","challenge_id","text","is_correct","audio_url","order") VALUES(292,142,'也许',0,NULL,2);
INSERT INTO "challenge_options" ("id","challenge_id","text","is_correct","audio_url","order") VALUES(293,143,'看见',1,NULL,0);
INSERT INTO "challenge_options" ("id","challenge_id","text","is_correct","audio_url","order") VALUES(294,143,'听见',0,NULL,1);
INSERT INTO "challenge_options" ("id","challenge_id","text","is_correct","audio_url","order") VALUES(295,143,'闻到',0,NULL,2);
INSERT INTO "challenge_options" ("id","challenge_id","text","is_correct","audio_url","order") VALUES(296,144,'想（过去式）',1,NULL,0);
INSERT INTO "challenge_options" ("id","challenge_id","text","is_correct","audio_url","order") VALUES(297,144,'跑（过去式）',0,NULL,1);
INSERT INTO "challenge_options" ("id","challenge_id","text","is_correct","audio_url","order") VALUES(298,144,'说（过去式）',0,NULL,2);
INSERT INTO "challenge_options" ("id","challenge_id","text","is_correct","audio_url","order") VALUES(299,145,'他自己',1,NULL,0);
INSERT INTO "challenge_options" ("id","challenge_id","text","is_correct","audio_url","order") VALUES(300,145,'她自己',0,NULL,1);
INSERT INTO "challenge_options" ("id","challenge_id","text","is_correct","audio_url","order") VALUES(301,145,'他们',0,NULL,2);
INSERT INTO "challenge_options" ("id","challenge_id","text","is_correct","audio_url","order") VALUES(302,146,'肯定',1,NULL,0);
INSERT INTO "challenge_options" ("id","challenge_id","text","is_correct","audio_url","order") VALUES(303,146,'怀疑',0,NULL,1);
INSERT INTO "challenge_options" ("id","challenge_id","text","is_correct","audio_url","order") VALUES(304,146,'害怕',0,NULL,2);
INSERT INTO "challenge_options" ("id","challenge_id","text","is_correct","audio_url","order") VALUES(305,147,'赢',1,NULL,0);
INSERT INTO "challenge_options" ("id","challenge_id","text","is_correct","audio_url","order") VALUES(306,147,'输',0,NULL,1);
INSERT INTO "challenge_options" ("id","challenge_id","text","is_correct","audio_url","order") VALUES(307,147,'平',0,NULL,2);
INSERT INTO "challenge_options" ("id","challenge_id","text","is_correct","audio_url","order") VALUES(308,148,'这个',1,NULL,0);
INSERT INTO "challenge_options" ("id","challenge_id","text","is_correct","audio_url","order") VALUES(309,148,'那个',0,NULL,1);
INSERT INTO "challenge_options" ("id","challenge_id","text","is_correct","audio_url","order") VALUES(310,148,'哪个',0,NULL,2);
INSERT INTO "challenge_options" ("id","challenge_id","text","is_correct","audio_url","order") VALUES(311,149,'为什么',1,NULL,0);
INSERT INTO "challenge_options" ("id","challenge_id","text","is_correct","audio_url","order") VALUES(312,149,'什么',0,NULL,1);
INSERT INTO "challenge_options" ("id","challenge_id","text","is_correct","audio_url","order") VALUES(313,149,'哪里',0,NULL,2);
INSERT INTO "challenge_options" ("id","challenge_id","text","is_correct","audio_url","order") VALUES(314,150,'应该',1,NULL,0);
INSERT INTO "challenge_options" ("id","challenge_id","text","is_correct","audio_url","order") VALUES(315,150,'可能',0,NULL,1);
INSERT INTO "challenge_options" ("id","challenge_id","text","is_correct","audio_url","order") VALUES(316,150,'必须',0,NULL,2);
INSERT INTO "challenge_options" ("id","challenge_id","text","is_correct","audio_url","order") VALUES(317,151,'赶紧',1,NULL,0);
INSERT INTO "challenge_options" ("id","challenge_id","text","is_correct","audio_url","order") VALUES(318,151,'慢慢',0,NULL,1);
INSERT INTO "challenge_options" ("id","challenge_id","text","is_correct","audio_url","order") VALUES(319,151,'等等',0,NULL,2);
INSERT INTO "challenge_options" ("id","challenge_id","text","is_correct","audio_url","order") VALUES(320,152,'宁愿',1,NULL,0);
INSERT INTO "challenge_options" ("id","challenge_id","text","is_correct","audio_url","order") VALUES(321,152,'不想',0,NULL,1);
INSERT INTO "challenge_options" ("id","challenge_id","text","is_correct","audio_url","order") VALUES(322,152,'必须',0,NULL,2);
INSERT INTO "challenge_options" ("id","challenge_id","text","is_correct","audio_url","order") VALUES(323,153,'睡一觉',1,NULL,0);
INSERT INTO "challenge_options" ("id","challenge_id","text","is_correct","audio_url","order") VALUES(324,153,'跑一圈',0,NULL,1);
INSERT INTO "challenge_options" ("id","challenge_id","text","is_correct","audio_url","order") VALUES(325,153,'吃一口',0,NULL,2);
INSERT INTO "challenge_options" ("id","challenge_id","text","is_correct","audio_url","order") VALUES(326,154,'这里',1,NULL,0);
INSERT INTO "challenge_options" ("id","challenge_id","text","is_correct","audio_url","order") VALUES(327,154,'那里',0,NULL,1);
INSERT INTO "challenge_options" ("id","challenge_id","text","is_correct","audio_url","order") VALUES(328,154,'哪里',0,NULL,2);
INSERT INTO "challenge_options" ("id","challenge_id","text","is_correct","audio_url","order") VALUES(329,155,'一会儿',1,NULL,0);
INSERT INTO "challenge_options" ("id","challenge_id","text","is_correct","audio_url","order") VALUES(330,155,'永远',0,NULL,1);
INSERT INTO "challenge_options" ("id","challenge_id","text","is_correct","audio_url","order") VALUES(331,155,'从不',0,NULL,2);
INSERT INTO "challenge_options" ("id","challenge_id","text","is_correct","audio_url","order") VALUES(332,156,'hare',1,NULL,0);
INSERT INTO "challenge_options" ("id","challenge_id","text","is_correct","audio_url","order") VALUES(333,156,'野兔',1,NULL,1);
INSERT INTO "challenge_options" ("id","challenge_id","text","is_correct","audio_url","order") VALUES(334,156,'start',1,NULL,2);
INSERT INTO "challenge_options" ("id","challenge_id","text","is_correct","audio_url","order") VALUES(335,156,'开始',1,NULL,3);
INSERT INTO "challenge_options" ("id","challenge_id","text","is_correct","audio_url","order") VALUES(336,156,'running',1,NULL,4);
INSERT INTO "challenge_options" ("id","challenge_id","text","is_correct","audio_url","order") VALUES(337,156,'跑步',1,NULL,5);
INSERT INTO "challenge_options" ("id","challenge_id","text","is_correct","audio_url","order") VALUES(338,156,'faster',1,NULL,6);
INSERT INTO "challenge_options" ("id","challenge_id","text","is_correct","audio_url","order") VALUES(339,156,'更快',1,NULL,7);
INSERT INTO "challenge_options" ("id","challenge_id","text","is_correct","audio_url","order") VALUES(340,156,'at one point',1,NULL,8);
INSERT INTO "challenge_options" ("id","challenge_id","text","is_correct","audio_url","order") VALUES(341,156,'一度',1,NULL,9);
INSERT INTO "challenge_options" ("id","challenge_id","text","is_correct","audio_url","order") VALUES(342,157,'look back',1,NULL,0);
INSERT INTO "challenge_options" ("id","challenge_id","text","is_correct","audio_url","order") VALUES(343,157,'回头看',1,NULL,1);
INSERT INTO "challenge_options" ("id","challenge_id","text","is_correct","audio_url","order") VALUES(344,157,'couldn''t',1,NULL,2);
INSERT INTO "challenge_options" ("id","challenge_id","text","is_correct","audio_url","order") VALUES(345,157,'不能',1,NULL,3);
INSERT INTO "challenge_options" ("id","challenge_id","text","is_correct","audio_url","order") VALUES(346,157,'even',1,NULL,4);
INSERT INTO "challenge_options" ("id","challenge_id","text","is_correct","audio_url","order") VALUES(347,157,'甚至',1,NULL,5);
INSERT INTO "challenge_options" ("id","challenge_id","text","is_correct","audio_url","order") VALUES(348,157,'see',1,NULL,6);
INSERT INTO "challenge_options" ("id","challenge_id","text","is_correct","audio_url","order") VALUES(349,157,'看见',1,NULL,7);
INSERT INTO "challenge_options" ("id","challenge_id","text","is_correct","audio_url","order") VALUES(350,157,'thought',1,NULL,8);
INSERT INTO "challenge_options" ("id","challenge_id","text","is_correct","audio_url","order") VALUES(351,157,'想（过去式）',1,NULL,9);
INSERT INTO "challenge_options" ("id","challenge_id","text","is_correct","audio_url","order") VALUES(352,158,'himself',1,NULL,0);
INSERT INTO "challenge_options" ("id","challenge_id","text","is_correct","audio_url","order") VALUES(353,158,'他自己',1,NULL,1);
INSERT INTO "challenge_options" ("id","challenge_id","text","is_correct","audio_url","order") VALUES(354,158,'sure',1,NULL,2);
INSERT INTO "challenge_options" ("id","challenge_id","text","is_correct","audio_url","order") VALUES(355,158,'肯定',1,NULL,3);
INSERT INTO "challenge_options" ("id","challenge_id","text","is_correct","audio_url","order") VALUES(356,158,'win',1,NULL,4);
INSERT INTO "challenge_options" ("id","challenge_id","text","is_correct","audio_url","order") VALUES(357,158,'赢',1,NULL,5);
INSERT INTO "challenge_options" ("id","challenge_id","text","is_correct","audio_url","order") VALUES(358,158,'this',1,NULL,6);
INSERT INTO "challenge_options" ("id","challenge_id","text","is_correct","audio_url","order") VALUES(359,158,'这个',1,NULL,7);
INSERT INTO "challenge_options" ("id","challenge_id","text","is_correct","audio_url","order") VALUES(360,158,'why',1,NULL,8);
INSERT INTO "challenge_options" ("id","challenge_id","text","is_correct","audio_url","order") VALUES(361,158,'为什么',1,NULL,9);
INSERT INTO "challenge_options" ("id","challenge_id","text","is_correct","audio_url","order") VALUES(362,159,'should',1,NULL,0);
INSERT INTO "challenge_options" ("id","challenge_id","text","is_correct","audio_url","order") VALUES(363,159,'应该',1,NULL,1);
INSERT INTO "challenge_options" ("id","challenge_id","text","is_correct","audio_url","order") VALUES(364,159,'hurry',1,NULL,2);
INSERT INTO "challenge_options" ("id","challenge_id","text","is_correct","audio_url","order") VALUES(365,159,'赶紧',1,NULL,3);
INSERT INTO "challenge_options" ("id","challenge_id","text","is_correct","audio_url","order") VALUES(366,159,'would rather',1,NULL,4);
INSERT INTO "challenge_options" ("id","challenge_id","text","is_correct","audio_url","order") VALUES(367,159,'宁愿',1,NULL,5);
INSERT INTO "challenge_options" ("id","challenge_id","text","is_correct","audio_url","order") VALUES(368,159,'take a nap',1,NULL,6);
INSERT INTO "challenge_options" ("id","challenge_id","text","is_correct","audio_url","order") VALUES(369,159,'睡一觉',1,NULL,7);
INSERT INTO "challenge_options" ("id","challenge_id","text","is_correct","audio_url","order") VALUES(370,159,'here',1,NULL,8);
INSERT INTO "challenge_options" ("id","challenge_id","text","is_correct","audio_url","order") VALUES(371,159,'这里',1,NULL,9);
INSERT INTO "challenge_options" ("id","challenge_id","text","is_correct","audio_url","order") VALUES(372,160,'for a while',1,NULL,0);
INSERT INTO "challenge_options" ("id","challenge_id","text","is_correct","audio_url","order") VALUES(373,160,'一会儿',1,NULL,1);
INSERT INTO "challenge_options" ("id","challenge_id","text","is_correct","audio_url","order") VALUES(374,160,'hare',1,NULL,2);
INSERT INTO "challenge_options" ("id","challenge_id","text","is_correct","audio_url","order") VALUES(375,160,'野兔',1,NULL,3);
INSERT INTO "challenge_options" ("id","challenge_id","text","is_correct","audio_url","order") VALUES(376,160,'start',1,NULL,4);
INSERT INTO "challenge_options" ("id","challenge_id","text","is_correct","audio_url","order") VALUES(377,160,'开始',1,NULL,5);
INSERT INTO "challenge_options" ("id","challenge_id","text","is_correct","audio_url","order") VALUES(378,160,'win',1,NULL,6);
INSERT INTO "challenge_options" ("id","challenge_id","text","is_correct","audio_url","order") VALUES(379,160,'赢',1,NULL,7);
INSERT INTO "challenge_options" ("id","challenge_id","text","is_correct","audio_url","order") VALUES(380,160,'faster',1,NULL,8);
INSERT INTO "challenge_options" ("id","challenge_id","text","is_correct","audio_url","order") VALUES(381,160,'更快',1,NULL,9);
INSERT INTO "challenge_options" ("id","challenge_id","text","is_correct","audio_url","order") VALUES(382,197,'乌龟',1,NULL,0);
INSERT INTO "challenge_options" ("id","challenge_id","text","is_correct","audio_url","order") VALUES(383,197,'和',1,NULL,1);
INSERT INTO "challenge_options" ("id","challenge_id","text","is_correct","audio_url","order") VALUES(384,197,'野兔',1,NULL,2);
INSERT INTO "challenge_options" ("id","challenge_id","text","is_correct","audio_url","order") VALUES(385,197,'站',1,NULL,3);
INSERT INTO "challenge_options" ("id","challenge_id","text","is_correct","audio_url","order") VALUES(386,197,'在',1,NULL,4);
INSERT INTO "challenge_options" ("id","challenge_id","text","is_correct","audio_url","order") VALUES(387,197,'赛跑',1,NULL,5);
INSERT INTO "challenge_options" ("id","challenge_id","text","is_correct","audio_url","order") VALUES(388,197,'起跑线',1,NULL,6);
INSERT INTO "challenge_options" ("id","challenge_id","text","is_correct","audio_url","order") VALUES(389,197,'上',1,NULL,7);
INSERT INTO "challenge_options" ("id","challenge_id","text","is_correct","audio_url","order") VALUES(390,197,'赢了',0,NULL,8);
INSERT INTO "challenge_options" ("id","challenge_id","text","is_correct","audio_url","order") VALUES(391,197,'终点',0,NULL,9);
INSERT INTO "challenge_options" ("id","challenge_id","text","is_correct","audio_url","order") VALUES(392,198,'各就各位',1,NULL,0);
INSERT INTO "challenge_options" ("id","challenge_id","text","is_correct","audio_url","order") VALUES(393,198,'预备',1,NULL,1);
INSERT INTO "challenge_options" ("id","challenge_id","text","is_correct","audio_url","order") VALUES(394,198,'跑',1,NULL,2);
INSERT INTO "challenge_options" ("id","challenge_id","text","is_correct","audio_url","order") VALUES(395,198,'野兔',1,NULL,3);
INSERT INTO "challenge_options" ("id","challenge_id","text","is_correct","audio_url","order") VALUES(396,198,'说',1,NULL,4);
INSERT INTO "challenge_options" ("id","challenge_id","text","is_correct","audio_url","order") VALUES(397,198,'他们',1,NULL,5);
INSERT INTO "challenge_options" ("id","challenge_id","text","is_correct","audio_url","order") VALUES(398,198,'开始',1,NULL,6);
INSERT INTO "challenge_options" ("id","challenge_id","text","is_correct","audio_url","order") VALUES(399,198,'跑了',1,NULL,7);
INSERT INTO "challenge_options" ("id","challenge_id","text","is_correct","audio_url","order") VALUES(400,198,'乌龟',0,NULL,8);
INSERT INTO "challenge_options" ("id","challenge_id","text","is_correct","audio_url","order") VALUES(401,198,'挑战',0,NULL,9);
INSERT INTO "challenge_options" ("id","challenge_id","text","is_correct","audio_url","order") VALUES(402,198,'终点',0,NULL,10);
INSERT INTO "challenge_options" ("id","challenge_id","text","is_correct","audio_url","order") VALUES(403,199,'野兔',1,NULL,0);
INSERT INTO "challenge_options" ("id","challenge_id","text","is_correct","audio_url","order") VALUES(404,199,'比',1,NULL,1);
INSERT INTO "challenge_options" ("id","challenge_id","text","is_correct","audio_url","order") VALUES(405,199,'乌龟',1,NULL,2);
INSERT INTO "challenge_options" ("id","challenge_id","text","is_correct","audio_url","order") VALUES(406,199,'快',1,NULL,3);
INSERT INTO "challenge_options" ("id","challenge_id","text","is_correct","audio_url","order") VALUES(407,199,'多了',1,NULL,4);
INSERT INTO "challenge_options" ("id","challenge_id","text","is_correct","audio_url","order") VALUES(408,199,'慢',0,NULL,5);
INSERT INTO "challenge_options" ("id","challenge_id","text","is_correct","audio_url","order") VALUES(409,199,'赢了',0,NULL,6);
INSERT INTO "challenge_options" ("id","challenge_id","text","is_correct","audio_url","order") VALUES(410,200,'一度',1,NULL,0);
INSERT INTO "challenge_options" ("id","challenge_id","text","is_correct","audio_url","order") VALUES(411,200,'野兔',1,NULL,1);
INSERT INTO "challenge_options" ("id","challenge_id","text","is_correct","audio_url","order") VALUES(412,200,'回头',1,NULL,2);
INSERT INTO "challenge_options" ("id","challenge_id","text","is_correct","audio_url","order") VALUES(413,200,'看时',1,NULL,3);
INSERT INTO "challenge_options" ("id","challenge_id","text","is_correct","audio_url","order") VALUES(414,200,'连',1,NULL,4);
INSERT INTO "challenge_options" ("id","challenge_id","text","is_correct","audio_url","order") VALUES(415,200,'乌龟',1,NULL,5);
INSERT INTO "challenge_options" ("id","challenge_id","text","is_correct","audio_url","order") VALUES(416,200,'都',1,NULL,6);
INSERT INTO "challenge_options" ("id","challenge_id","text","is_correct","audio_url","order") VALUES(417,200,'看不见',1,NULL,7);
INSERT INTO "challenge_options" ("id","challenge_id","text","is_correct","audio_url","order") VALUES(418,200,'挑战',0,NULL,8);
INSERT INTO "challenge_options" ("id","challenge_id","text","is_correct","audio_url","order") VALUES(419,200,'炫耀',0,NULL,9);
INSERT INTO "challenge_options" ("id","challenge_id","text","is_correct","audio_url","order") VALUES(420,200,'赢了',0,NULL,10);
INSERT INTO "challenge_options" ("id","challenge_id","text","is_correct","audio_url","order") VALUES(421,201,'野兔',1,NULL,0);
INSERT INTO "challenge_options" ("id","challenge_id","text","is_correct","audio_url","order") VALUES(422,201,'心想',1,NULL,1);
INSERT INTO "challenge_options" ("id","challenge_id","text","is_correct","audio_url","order") VALUES(423,201,'我',1,NULL,2);
INSERT INTO "challenge_options" ("id","challenge_id","text","is_correct","audio_url","order") VALUES(424,201,'肯定',1,NULL,3);
INSERT INTO "challenge_options" ("id","challenge_id","text","is_correct","audio_url","order") VALUES(425,201,'赢',1,NULL,4);
INSERT INTO "challenge_options" ("id","challenge_id","text","is_correct","audio_url","order") VALUES(426,201,'何必',1,NULL,5);
INSERT INTO "challenge_options" ("id","challenge_id","text","is_correct","audio_url","order") VALUES(427,201,'着急',1,NULL,6);
INSERT INTO "challenge_options" ("id","challenge_id","text","is_correct","audio_url","order") VALUES(428,201,'乌龟',0,NULL,7);
INSERT INTO "challenge_options" ("id","challenge_id","text","is_correct","audio_url","order") VALUES(429,201,'炫耀',0,NULL,8);
INSERT INTO "challenge_options" ("id","challenge_id","text","is_correct","audio_url","order") VALUES(430,201,'终点',0,NULL,9);
INSERT INTO "challenge_options" ("id","challenge_id","text","is_correct","audio_url","order") VALUES(431,202,'我',1,NULL,0);
INSERT INTO "challenge_options" ("id","challenge_id","text","is_correct","audio_url","order") VALUES(432,202,'宁愿',1,NULL,1);
INSERT INTO "challenge_options" ("id","challenge_id","text","is_correct","audio_url","order") VALUES(433,202,'在这儿',1,NULL,2);
INSERT INTO "challenge_options" ("id","challenge_id","text","is_correct","audio_url","order") VALUES(434,202,'睡一觉',1,NULL,3);
INSERT INTO "challenge_options" ("id","challenge_id","text","is_correct","audio_url","order") VALUES(435,202,'赢了',0,NULL,4);
INSERT INTO "challenge_options" ("id","challenge_id","text","is_correct","audio_url","order") VALUES(436,202,'赶紧',0,NULL,5);
INSERT INTO "challenge_options" ("id","challenge_id","text","is_correct","audio_url","order") VALUES(437,202,'挑战',0,NULL,6);
INSERT INTO "challenge_options" ("id","challenge_id","text","is_correct","audio_url","order") VALUES(438,161,'当……的时候',1,NULL,0);
INSERT INTO "challenge_options" ("id","challenge_id","text","is_correct","audio_url","order") VALUES(439,161,'在……之前',0,NULL,1);
INSERT INTO "challenge_options" ("id","challenge_id","text","is_correct","audio_url","order") VALUES(440,161,'在……之后',0,NULL,2);
INSERT INTO "challenge_options" ("id","challenge_id","text","is_correct","audio_url","order") VALUES(441,162,'睡觉',1,NULL,0);
INSERT INTO "challenge_options" ("id","challenge_id","text","is_correct","audio_url","order") VALUES(442,162,'跑步',0,NULL,1);
INSERT INTO "challenge_options" ("id","challenge_id","text","is_correct","audio_url","order") VALUES(443,162,'说话',0,NULL,2);
INSERT INTO "challenge_options" ("id","challenge_id","text","is_correct","audio_url","order") VALUES(444,163,'继续',1,NULL,0);
INSERT INTO "challenge_options" ("id","challenge_id","text","is_correct","audio_url","order") VALUES(445,163,'停止',0,NULL,1);
INSERT INTO "challenge_options" ("id","challenge_id","text","is_correct","audio_url","order") VALUES(446,163,'放弃',0,NULL,2);
INSERT INTO "challenge_options" ("id","challenge_id","text","is_correct","audio_url","order") VALUES(447,164,'走',1,NULL,0);
INSERT INTO "challenge_options" ("id","challenge_id","text","is_correct","audio_url","order") VALUES(448,164,'停',0,NULL,1);
INSERT INTO "challenge_options" ("id","challenge_id","text","is_correct","audio_url","order") VALUES(449,164,'睡',0,NULL,2);
INSERT INTO "challenge_options" ("id","challenge_id","text","is_correct","audio_url","order") VALUES(450,165,'之后',1,NULL,0);
INSERT INTO "challenge_options" ("id","challenge_id","text","is_correct","audio_url","order") VALUES(451,165,'之前',0,NULL,1);
INSERT INTO "challenge_options" ("id","challenge_id","text","is_correct","audio_url","order") VALUES(452,165,'之间',0,NULL,2);
INSERT INTO "challenge_options" ("id","challenge_id","text","is_correct","audio_url","order") VALUES(453,166,'一会儿',1,NULL,0);
INSERT INTO "challenge_options" ("id","challenge_id","text","is_correct","audio_url","order") VALUES(454,166,'很久',0,NULL,1);
INSERT INTO "challenge_options" ("id","challenge_id","text","is_correct","audio_url","order") VALUES(455,166,'瞬间',0,NULL,2);
INSERT INTO "challenge_options" ("id","challenge_id","text","is_correct","audio_url","order") VALUES(456,167,'醒了',1,NULL,0);
INSERT INTO "challenge_options" ("id","challenge_id","text","is_correct","audio_url","order") VALUES(457,167,'睡了',0,NULL,1);
INSERT INTO "challenge_options" ("id","challenge_id","text","is_correct","audio_url","order") VALUES(458,167,'跑了',0,NULL,2);
INSERT INTO "challenge_options" ("id","challenge_id","text","is_correct","audio_url","order") VALUES(459,168,'看见（过去式）',1,NULL,0);
INSERT INTO "challenge_options" ("id","challenge_id","text","is_correct","audio_url","order") VALUES(460,168,'想（过去式）',0,NULL,1);
INSERT INTO "challenge_options" ("id","challenge_id","text","is_correct","audio_url","order") VALUES(461,168,'说（过去式）',0,NULL,2);
INSERT INTO "challenge_options" ("id","challenge_id","text","is_correct","audio_url","order") VALUES(462,169,'到达',1,NULL,0);
INSERT INTO "challenge_options" ("id","challenge_id","text","is_correct","audio_url","order") VALUES(463,169,'离开',0,NULL,1);
INSERT INTO "challenge_options" ("id","challenge_id","text","is_correct","audio_url","order") VALUES(464,169,'经过',0,NULL,2);
INSERT INTO "challenge_options" ("id","challenge_id","text","is_correct","audio_url","order") VALUES(465,170,'终点线',1,NULL,0);
INSERT INTO "challenge_options" ("id","challenge_id","text","is_correct","audio_url","order") VALUES(466,170,'起点',0,NULL,1);
INSERT INTO "challenge_options" ("id","challenge_id","text","is_correct","audio_url","order") VALUES(467,170,'中途',0,NULL,2);
INSERT INTO "challenge_options" ("id","challenge_id","text","is_correct","audio_url","order") VALUES(468,171,'冲',1,NULL,0);
INSERT INTO "challenge_options" ("id","challenge_id","text","is_correct","audio_url","order") VALUES(469,171,'慢走',0,NULL,1);
INSERT INTO "challenge_options" ("id","challenge_id","text","is_correct","audio_url","order") VALUES(470,171,'停下',0,NULL,2);
INSERT INTO "challenge_options" ("id","challenge_id","text","is_correct","audio_url","order") VALUES(471,172,'朝……方向',1,NULL,0);
INSERT INTO "challenge_options" ("id","challenge_id","text","is_correct","audio_url","order") VALUES(472,172,'远离',0,NULL,1);
INSERT INTO "challenge_options" ("id","challenge_id","text","is_correct","audio_url","order") VALUES(473,172,'绕过',0,NULL,2);
INSERT INTO "challenge_options" ("id","challenge_id","text","is_correct","audio_url","order") VALUES(474,173,'尽快',1,NULL,0);
INSERT INTO "challenge_options" ("id","challenge_id","text","is_correct","audio_url","order") VALUES(475,173,'慢慢',0,NULL,1);
INSERT INTO "challenge_options" ("id","challenge_id","text","is_correct","audio_url","order") VALUES(476,173,'随便',0,NULL,2);
INSERT INTO "challenge_options" ("id","challenge_id","text","is_correct","audio_url","order") VALUES(477,174,'太晚了',1,NULL,0);
INSERT INTO "challenge_options" ("id","challenge_id","text","is_correct","audio_url","order") VALUES(478,174,'还早',0,NULL,1);
INSERT INTO "challenge_options" ("id","challenge_id","text","is_correct","audio_url","order") VALUES(479,174,'刚好',0,NULL,2);
INSERT INTO "challenge_options" ("id","challenge_id","text","is_correct","audio_url","order") VALUES(480,175,'已经',1,NULL,0);
INSERT INTO "challenge_options" ("id","challenge_id","text","is_correct","audio_url","order") VALUES(481,175,'还没',0,NULL,1);
INSERT INTO "challenge_options" ("id","challenge_id","text","is_correct","audio_url","order") VALUES(482,175,'正在',0,NULL,2);
INSERT INTO "challenge_options" ("id","challenge_id","text","is_correct","audio_url","order") VALUES(483,176,'越过终点线',1,NULL,0);
INSERT INTO "challenge_options" ("id","challenge_id","text","is_correct","audio_url","order") VALUES(484,176,'跌倒',0,NULL,1);
INSERT INTO "challenge_options" ("id","challenge_id","text","is_correct","audio_url","order") VALUES(485,176,'放弃',0,NULL,2);
INSERT INTO "challenge_options" ("id","challenge_id","text","is_correct","audio_url","order") VALUES(486,177,'获胜者',1,NULL,0);
INSERT INTO "challenge_options" ("id","challenge_id","text","is_correct","audio_url","order") VALUES(487,177,'失败者',0,NULL,1);
INSERT INTO "challenge_options" ("id","challenge_id","text","is_correct","audio_url","order") VALUES(488,177,'观众',0,NULL,2);
INSERT INTO "challenge_options" ("id","challenge_id","text","is_correct","audio_url","order") VALUES(489,178,'慢',1,NULL,0);
INSERT INTO "challenge_options" ("id","challenge_id","text","is_correct","audio_url","order") VALUES(490,178,'快',0,NULL,1);
INSERT INTO "challenge_options" ("id","challenge_id","text","is_correct","audio_url","order") VALUES(491,178,'高',0,NULL,2);
INSERT INTO "challenge_options" ("id","challenge_id","text","is_correct","audio_url","order") VALUES(492,179,'但是',1,NULL,0);
INSERT INTO "challenge_options" ("id","challenge_id","text","is_correct","audio_url","order") VALUES(493,179,'和',0,NULL,1);
INSERT INTO "challenge_options" ("id","challenge_id","text","is_correct","audio_url","order") VALUES(494,179,'或',0,NULL,2);
INSERT INTO "challenge_options" ("id","challenge_id","text","is_correct","audio_url","order") VALUES(495,180,'稳健的',1,NULL,0);
INSERT INTO "challenge_options" ("id","challenge_id","text","is_correct","audio_url","order") VALUES(496,180,'摇晃的',0,NULL,1);
INSERT INTO "challenge_options" ("id","challenge_id","text","is_correct","audio_url","order") VALUES(497,180,'急躁的',0,NULL,2);
INSERT INTO "challenge_options" ("id","challenge_id","text","is_correct","audio_url","order") VALUES(498,181,'赢',1,NULL,0);
INSERT INTO "challenge_options" ("id","challenge_id","text","is_correct","audio_url","order") VALUES(499,181,'输',0,NULL,1);
INSERT INTO "challenge_options" ("id","challenge_id","text","is_correct","audio_url","order") VALUES(500,181,'平',0,NULL,2);
INSERT INTO "challenge_options" ("id","challenge_id","text","is_correct","audio_url","order") VALUES(501,182,'告诉（过去式）',1,NULL,0);
INSERT INTO "challenge_options" ("id","challenge_id","text","is_correct","audio_url","order") VALUES(502,182,'跑（过去式）',0,NULL,1);
INSERT INTO "challenge_options" ("id","challenge_id","text","is_correct","audio_url","order") VALUES(503,182,'睡（过去式）',0,NULL,2);
INSERT INTO "challenge_options" ("id","challenge_id","text","is_correct","audio_url","order") VALUES(504,183,'羞愧地哭泣',1,NULL,0);
INSERT INTO "challenge_options" ("id","challenge_id","text","is_correct","audio_url","order") VALUES(505,183,'开心地笑',0,NULL,1);
INSERT INTO "challenge_options" ("id","challenge_id","text","is_correct","audio_url","order") VALUES(506,183,'生气地喊',0,NULL,2);
INSERT INTO "challenge_options" ("id","challenge_id","text","is_correct","audio_url","order") VALUES(507,184,'while',1,NULL,0);
INSERT INTO "challenge_options" ("id","challenge_id","text","is_correct","audio_url","order") VALUES(508,184,'当……的时候',1,NULL,1);
INSERT INTO "challenge_options" ("id","challenge_id","text","is_correct","audio_url","order") VALUES(509,184,'sleeping',1,NULL,2);
INSERT INTO "challenge_options" ("id","challenge_id","text","is_correct","audio_url","order") VALUES(510,184,'睡觉',1,NULL,3);
INSERT INTO "challenge_options" ("id","challenge_id","text","is_correct","audio_url","order") VALUES(511,184,'kept on',1,NULL,4);
INSERT INTO "challenge_options" ("id","challenge_id","text","is_correct","audio_url","order") VALUES(512,184,'继续',1,NULL,5);
INSERT INTO "challenge_options" ("id","challenge_id","text","is_correct","audio_url","order") VALUES(513,184,'going',1,NULL,6);
INSERT INTO "challenge_options" ("id","challenge_id","text","is_correct","audio_url","order") VALUES(514,184,'走',1,NULL,7);
INSERT INTO "challenge_options" ("id","challenge_id","text","is_correct","audio_url","order") VALUES(515,184,'after',1,NULL,8);
INSERT INTO "challenge_options" ("id","challenge_id","text","is_correct","audio_url","order") VALUES(516,184,'之后',1,NULL,9);
INSERT INTO "challenge_options" ("id","challenge_id","text","is_correct","audio_url","order") VALUES(517,185,'a while',1,NULL,0);
INSERT INTO "challenge_options" ("id","challenge_id","text","is_correct","audio_url","order") VALUES(518,185,'一会儿',1,NULL,1);
INSERT INTO "challenge_options" ("id","challenge_id","text","is_correct","audio_url","order") VALUES(519,185,'woke up',1,NULL,2);
INSERT INTO "challenge_options" ("id","challenge_id","text","is_correct","audio_url","order") VALUES(520,185,'醒了',1,NULL,3);
INSERT INTO "challenge_options" ("id","challenge_id","text","is_correct","audio_url","order") VALUES(521,185,'saw',1,NULL,4);
INSERT INTO "challenge_options" ("id","challenge_id","text","is_correct","audio_url","order") VALUES(522,185,'看见（过去式）',1,NULL,5);
INSERT INTO "challenge_options" ("id","challenge_id","text","is_correct","audio_url","order") VALUES(523,185,'reach',1,NULL,6);
INSERT INTO "challenge_options" ("id","challenge_id","text","is_correct","audio_url","order") VALUES(524,185,'到达',1,NULL,7);
INSERT INTO "challenge_options" ("id","challenge_id","text","is_correct","audio_url","order") VALUES(525,185,'finish line',1,NULL,8);
INSERT INTO "challenge_options" ("id","challenge_id","text","is_correct","audio_url","order") VALUES(526,185,'终点线',1,NULL,9);
INSERT INTO "challenge_options" ("id","challenge_id","text","is_correct","audio_url","order") VALUES(527,186,'rush',1,NULL,0);
INSERT INTO "challenge_options" ("id","challenge_id","text","is_correct","audio_url","order") VALUES(528,186,'冲',1,NULL,1);
INSERT INTO "challenge_options" ("id","challenge_id","text","is_correct","audio_url","order") VALUES(529,186,'toward',1,NULL,2);
INSERT INTO "challenge_options" ("id","challenge_id","text","is_correct","audio_url","order") VALUES(530,186,'朝……方向',1,NULL,3);
INSERT INTO "challenge_options" ("id","challenge_id","text","is_correct","audio_url","order") VALUES(531,186,'as fast as he could',1,NULL,4);
INSERT INTO "challenge_options" ("id","challenge_id","text","is_correct","audio_url","order") VALUES(532,186,'尽快',1,NULL,5);
INSERT INTO "challenge_options" ("id","challenge_id","text","is_correct","audio_url","order") VALUES(533,186,'too late',1,NULL,6);
INSERT INTO "challenge_options" ("id","challenge_id","text","is_correct","audio_url","order") VALUES(534,186,'太晚了',1,NULL,7);
INSERT INTO "challenge_options" ("id","challenge_id","text","is_correct","audio_url","order") VALUES(535,186,'already',1,NULL,8);
INSERT INTO "challenge_options" ("id","challenge_id","text","is_correct","audio_url","order") VALUES(536,186,'已经',1,NULL,9);
INSERT INTO "challenge_options" ("id","challenge_id","text","is_correct","audio_url","order") VALUES(537,187,'crossed the line',1,NULL,0);
INSERT INTO "challenge_options" ("id","challenge_id","text","is_correct","audio_url","order") VALUES(538,187,'越过终点线',1,NULL,1);
INSERT INTO "challenge_options" ("id","challenge_id","text","is_correct","audio_url","order") VALUES(539,187,'winner',1,NULL,2);
INSERT INTO "challenge_options" ("id","challenge_id","text","is_correct","audio_url","order") VALUES(540,187,'获胜者',1,NULL,3);
INSERT INTO "challenge_options" ("id","challenge_id","text","is_correct","audio_url","order") VALUES(541,187,'steady',1,NULL,4);
INSERT INTO "challenge_options" ("id","challenge_id","text","is_correct","audio_url","order") VALUES(542,187,'稳健的',1,NULL,5);
INSERT INTO "challenge_options" ("id","challenge_id","text","is_correct","audio_url","order") VALUES(543,187,'win',1,NULL,6);
INSERT INTO "challenge_options" ("id","challenge_id","text","is_correct","audio_url","order") VALUES(544,187,'赢',1,NULL,7);
INSERT INTO "challenge_options" ("id","challenge_id","text","is_correct","audio_url","order") VALUES(545,187,'told',1,NULL,8);
INSERT INTO "challenge_options" ("id","challenge_id","text","is_correct","audio_url","order") VALUES(546,187,'告诉（过去式）',1,NULL,9);
INSERT INTO "challenge_options" ("id","challenge_id","text","is_correct","audio_url","order") VALUES(547,188,'sobbed in shame',1,NULL,0);
INSERT INTO "challenge_options" ("id","challenge_id","text","is_correct","audio_url","order") VALUES(548,188,'羞愧地哭泣',1,NULL,1);
INSERT INTO "challenge_options" ("id","challenge_id","text","is_correct","audio_url","order") VALUES(549,188,'slow',1,NULL,2);
INSERT INTO "challenge_options" ("id","challenge_id","text","is_correct","audio_url","order") VALUES(550,188,'慢',1,NULL,3);
INSERT INTO "challenge_options" ("id","challenge_id","text","is_correct","audio_url","order") VALUES(551,188,'but',1,NULL,4);
INSERT INTO "challenge_options" ("id","challenge_id","text","is_correct","audio_url","order") VALUES(552,188,'但是',1,NULL,5);
INSERT INTO "challenge_options" ("id","challenge_id","text","is_correct","audio_url","order") VALUES(553,188,'winner',1,NULL,6);
INSERT INTO "challenge_options" ("id","challenge_id","text","is_correct","audio_url","order") VALUES(554,188,'获胜者',1,NULL,7);
INSERT INTO "challenge_options" ("id","challenge_id","text","is_correct","audio_url","order") VALUES(555,188,'told',1,NULL,8);
INSERT INTO "challenge_options" ("id","challenge_id","text","is_correct","audio_url","order") VALUES(556,188,'告诉（过去式）',1,NULL,9);
INSERT INTO "challenge_options" ("id","challenge_id","text","is_correct","audio_url","order") VALUES(557,203,'野兔',1,NULL,0);
INSERT INTO "challenge_options" ("id","challenge_id","text","is_correct","audio_url","order") VALUES(558,203,'睡觉',1,NULL,1);
INSERT INTO "challenge_options" ("id","challenge_id","text","is_correct","audio_url","order") VALUES(559,203,'时',1,NULL,2);
INSERT INTO "challenge_options" ("id","challenge_id","text","is_correct","audio_url","order") VALUES(560,203,'乌龟',1,NULL,3);
INSERT INTO "challenge_options" ("id","challenge_id","text","is_correct","audio_url","order") VALUES(561,203,'继续',1,NULL,4);
INSERT INTO "challenge_options" ("id","challenge_id","text","is_correct","audio_url","order") VALUES(562,203,'前进',1,NULL,5);
INSERT INTO "challenge_options" ("id","challenge_id","text","is_correct","audio_url","order") VALUES(563,203,'炫耀',0,NULL,6);
INSERT INTO "challenge_options" ("id","challenge_id","text","is_correct","audio_url","order") VALUES(564,203,'挑战',0,NULL,7);
INSERT INTO "challenge_options" ("id","challenge_id","text","is_correct","audio_url","order") VALUES(565,204,'过了一会儿',1,NULL,0);
INSERT INTO "challenge_options" ("id","challenge_id","text","is_correct","audio_url","order") VALUES(566,204,'野兔',1,NULL,1);
INSERT INTO "challenge_options" ("id","challenge_id","text","is_correct","audio_url","order") VALUES(567,204,'醒来',1,NULL,2);
INSERT INTO "challenge_options" ("id","challenge_id","text","is_correct","audio_url","order") VALUES(568,204,'看见',1,NULL,3);
INSERT INTO "challenge_options" ("id","challenge_id","text","is_correct","audio_url","order") VALUES(569,204,'乌龟',1,NULL,4);
INSERT INTO "challenge_options" ("id","challenge_id","text","is_correct","audio_url","order") VALUES(570,204,'快到',1,NULL,5);
INSERT INTO "challenge_options" ("id","challenge_id","text","is_correct","audio_url","order") VALUES(571,204,'终点线了',1,NULL,6);
INSERT INTO "challenge_options" ("id","challenge_id","text","is_correct","audio_url","order") VALUES(572,204,'炫耀',0,NULL,7);
INSERT INTO "challenge_options" ("id","challenge_id","text","is_correct","audio_url","order") VALUES(573,204,'赢了',0,NULL,8);
INSERT INTO "challenge_options" ("id","challenge_id","text","is_correct","audio_url","order") VALUES(574,204,'挑战',0,NULL,9);
INSERT INTO "challenge_options" ("id","challenge_id","text","is_correct","audio_url","order") VALUES(575,205,'野兔',1,NULL,0);
INSERT INTO "challenge_options" ("id","challenge_id","text","is_correct","audio_url","order") VALUES(576,205,'拼命',1,NULL,1);
INSERT INTO "challenge_options" ("id","challenge_id","text","is_correct","audio_url","order") VALUES(577,205,'向',1,NULL,2);
INSERT INTO "challenge_options" ("id","challenge_id","text","is_correct","audio_url","order") VALUES(578,205,'终点',1,NULL,3);
INSERT INTO "challenge_options" ("id","challenge_id","text","is_correct","audio_url","order") VALUES(579,205,'冲去',1,NULL,4);
INSERT INTO "challenge_options" ("id","challenge_id","text","is_correct","audio_url","order") VALUES(580,205,'但',1,NULL,5);
INSERT INTO "challenge_options" ("id","challenge_id","text","is_correct","audio_url","order") VALUES(581,205,'已经',1,NULL,6);
INSERT INTO "challenge_options" ("id","challenge_id","text","is_correct","audio_url","order") VALUES(582,205,'太晚了',1,NULL,7);
INSERT INTO "challenge_options" ("id","challenge_id","text","is_correct","audio_url","order") VALUES(583,205,'乌龟',0,NULL,8);
INSERT INTO "challenge_options" ("id","challenge_id","text","is_correct","audio_url","order") VALUES(584,205,'炫耀',0,NULL,9);
INSERT INTO "challenge_options" ("id","challenge_id","text","is_correct","audio_url","order") VALUES(585,205,'赢了',0,NULL,10);
INSERT INTO "challenge_options" ("id","challenge_id","text","is_correct","audio_url","order") VALUES(586,206,'乌龟',1,NULL,0);
INSERT INTO "challenge_options" ("id","challenge_id","text","is_correct","audio_url","order") VALUES(587,206,'已经',1,NULL,1);
INSERT INTO "challenge_options" ("id","challenge_id","text","is_correct","audio_url","order") VALUES(588,206,'越过',1,NULL,2);
INSERT INTO "challenge_options" ("id","challenge_id","text","is_correct","audio_url","order") VALUES(589,206,'终点线',1,NULL,3);
INSERT INTO "challenge_options" ("id","challenge_id","text","is_correct","audio_url","order") VALUES(590,206,'野兔',0,NULL,4);
INSERT INTO "challenge_options" ("id","challenge_id","text","is_correct","audio_url","order") VALUES(591,206,'炫耀',0,NULL,5);
INSERT INTO "challenge_options" ("id","challenge_id","text","is_correct","audio_url","order") VALUES(592,206,'挑战',0,NULL,6);
INSERT INTO "challenge_options" ("id","challenge_id","text","is_correct","audio_url","order") VALUES(593,207,'乌龟',1,NULL,0);
INSERT INTO "challenge_options" ("id","challenge_id","text","is_correct","audio_url","order") VALUES(594,207,'是',1,NULL,1);
INSERT INTO "challenge_options" ("id","challenge_id","text","is_correct","audio_url","order") VALUES(595,207,'胜利者',1,NULL,2);
INSERT INTO "challenge_options" ("id","challenge_id","text","is_correct","audio_url","order") VALUES(596,207,'野兔',0,NULL,3);
INSERT INTO "challenge_options" ("id","challenge_id","text","is_correct","audio_url","order") VALUES(597,207,'挑战',0,NULL,4);
INSERT INTO "challenge_options" ("id","challenge_id","text","is_correct","audio_url","order") VALUES(598,207,'炫耀',0,NULL,5);
INSERT INTO "challenge_options" ("id","challenge_id","text","is_correct","audio_url","order") VALUES(599,208,'慢',1,NULL,0);
INSERT INTO "challenge_options" ("id","challenge_id","text","is_correct","audio_url","order") VALUES(600,208,'但',1,NULL,1);
INSERT INTO "challenge_options" ("id","challenge_id","text","is_correct","audio_url","order") VALUES(601,208,'稳',1,NULL,2);
INSERT INTO "challenge_options" ("id","challenge_id","text","is_correct","audio_url","order") VALUES(602,208,'才能',1,NULL,3);
INSERT INTO "challenge_options" ("id","challenge_id","text","is_correct","audio_url","order") VALUES(603,208,'赢',1,NULL,4);
INSERT INTO "challenge_options" ("id","challenge_id","text","is_correct","audio_url","order") VALUES(604,208,'快',0,NULL,5);
INSERT INTO "challenge_options" ("id","challenge_id","text","is_correct","audio_url","order") VALUES(605,208,'野兔',0,NULL,6);
INSERT INTO "challenge_options" ("id","challenge_id","text","is_correct","audio_url","order") VALUES(606,208,'炫耀',0,NULL,7);
INSERT INTO "challenge_options" ("id","challenge_id","text","is_correct","audio_url","order") VALUES(607,209,'没到',1,NULL,0);
INSERT INTO "challenge_options" ("id","challenge_id","text","is_correct","audio_url","order") VALUES(608,209,'最后',1,NULL,1);
INSERT INTO "challenge_options" ("id","challenge_id","text","is_correct","audio_url","order") VALUES(609,209,'不算',1,NULL,2);
INSERT INTO "challenge_options" ("id","challenge_id","text","is_correct","audio_url","order") VALUES(610,209,'结束',1,NULL,3);
INSERT INTO "challenge_options" ("id","challenge_id","text","is_correct","audio_url","order") VALUES(611,209,'乌龟',1,NULL,4);
INSERT INTO "challenge_options" ("id","challenge_id","text","is_correct","audio_url","order") VALUES(612,209,'对',1,NULL,5);
INSERT INTO "challenge_options" ("id","challenge_id","text","is_correct","audio_url","order") VALUES(613,209,'野兔',1,NULL,6);
INSERT INTO "challenge_options" ("id","challenge_id","text","is_correct","audio_url","order") VALUES(614,209,'说',1,NULL,7);
INSERT INTO "challenge_options" ("id","challenge_id","text","is_correct","audio_url","order") VALUES(615,209,'赢了',0,NULL,8);
INSERT INTO "challenge_options" ("id","challenge_id","text","is_correct","audio_url","order") VALUES(616,209,'挑战',0,NULL,9);
INSERT INTO "challenge_options" ("id","challenge_id","text","is_correct","audio_url","order") VALUES(617,209,'炫耀',0,NULL,10);
INSERT INTO "challenge_options" ("id","challenge_id","text","is_correct","audio_url","order") VALUES(618,210,'野兔',1,NULL,0);
INSERT INTO "challenge_options" ("id","challenge_id","text","is_correct","audio_url","order") VALUES(619,210,'羞愧地',1,NULL,1);
INSERT INTO "challenge_options" ("id","challenge_id","text","is_correct","audio_url","order") VALUES(620,210,'哭了',1,NULL,2);
INSERT INTO "challenge_options" ("id","challenge_id","text","is_correct","audio_url","order") VALUES(621,210,'乌龟',0,NULL,3);
INSERT INTO "challenge_options" ("id","challenge_id","text","is_correct","audio_url","order") VALUES(622,210,'炫耀',0,NULL,4);
INSERT INTO "challenge_options" ("id","challenge_id","text","is_correct","audio_url","order") VALUES(623,210,'赢了',0,NULL,5);
INSERT INTO "challenge_options" ("id","challenge_id","text","is_correct","audio_url","order") VALUES(624,211,'hare',1,NULL,0);
INSERT INTO "challenge_options" ("id","challenge_id","text","is_correct","audio_url","order") VALUES(625,211,'hill',0,NULL,1);
INSERT INTO "challenge_options" ("id","challenge_id","text","is_correct","audio_url","order") VALUES(626,211,'woods',0,NULL,2);
INSERT INTO "challenge_options" ("id","challenge_id","text","is_correct","audio_url","order") VALUES(627,212,'slow',1,NULL,0);
INSERT INTO "challenge_options" ("id","challenge_id","text","is_correct","audio_url","order") VALUES(628,212,'hill',0,NULL,1);
INSERT INTO "challenge_options" ("id","challenge_id","text","is_correct","audio_url","order") VALUES(629,212,'winner',0,NULL,2);
INSERT INTO "challenge_options" ("id","challenge_id","text","is_correct","audio_url","order") VALUES(630,213,'rabbit',1,NULL,0);
INSERT INTO "challenge_options" ("id","challenge_id","text","is_correct","audio_url","order") VALUES(631,213,'hill',0,NULL,1);
INSERT INTO "challenge_options" ("id","challenge_id","text","is_correct","audio_url","order") VALUES(632,213,'woods',0,NULL,2);
INSERT INTO "challenge_options" ("id","challenge_id","text","is_correct","audio_url","order") VALUES(633,214,'challenged',1,NULL,0);
INSERT INTO "challenge_options" ("id","challenge_id","text","is_correct","audio_url","order") VALUES(634,214,'hill',0,NULL,1);
INSERT INTO "challenge_options" ("id","challenge_id","text","is_correct","audio_url","order") VALUES(635,214,'winner',0,NULL,2);
INSERT INTO "challenge_options" ("id","challenge_id","text","is_correct","audio_url","order") VALUES(636,215,'tree',1,NULL,0);
INSERT INTO "challenge_options" ("id","challenge_id","text","is_correct","audio_url","order") VALUES(637,215,'steadily',0,NULL,1);
INSERT INTO "challenge_options" ("id","challenge_id","text","is_correct","audio_url","order") VALUES(638,215,'toward',0,NULL,2);
INSERT INTO "challenge_options" ("id","challenge_id","text","is_correct","audio_url","order") VALUES(639,216,'starting',1,NULL,0);
INSERT INTO "challenge_options" ("id","challenge_id","text","is_correct","audio_url","order") VALUES(640,216,'hill',0,NULL,1);
INSERT INTO "challenge_options" ("id","challenge_id","text","is_correct","audio_url","order") VALUES(641,216,'winner',0,NULL,2);
INSERT INTO "challenge_options" ("id","challenge_id","text","is_correct","audio_url","order") VALUES(642,217,'started',1,NULL,0);
INSERT INTO "challenge_options" ("id","challenge_id","text","is_correct","audio_url","order") VALUES(643,217,'hill',0,NULL,1);
INSERT INTO "challenge_options" ("id","challenge_id","text","is_correct","audio_url","order") VALUES(644,217,'winner',0,NULL,2);
INSERT INTO "challenge_options" ("id","challenge_id","text","is_correct","audio_url","order") VALUES(645,231,'山丘',1,NULL,0);
INSERT INTO "challenge_options" ("id","challenge_id","text","is_correct","audio_url","order") VALUES(646,231,'上',1,NULL,1);
INSERT INTO "challenge_options" ("id","challenge_id","text","is_correct","audio_url","order") VALUES(647,231,'有',1,NULL,2);
INSERT INTO "challenge_options" ("id","challenge_id","text","is_correct","audio_url","order") VALUES(648,231,'一棵',1,NULL,3);
INSERT INTO "challenge_options" ("id","challenge_id","text","is_correct","audio_url","order") VALUES(649,231,'树',1,NULL,4);
INSERT INTO "challenge_options" ("id","challenge_id","text","is_correct","audio_url","order") VALUES(650,231,'兔子',0,NULL,5);
INSERT INTO "challenge_options" ("id","challenge_id","text","is_correct","audio_url","order") VALUES(651,231,'炫耀',0,NULL,6);
INSERT INTO "challenge_options" ("id","challenge_id","text","is_correct","audio_url","order") VALUES(652,232,'别',1,NULL,0);
INSERT INTO "challenge_options" ("id","challenge_id","text","is_correct","audio_url","order") VALUES(653,232,'在',1,NULL,1);
INSERT INTO "challenge_options" ("id","challenge_id","text","is_correct","audio_url","order") VALUES(654,232,'赛跑',1,NULL,2);
INSERT INTO "challenge_options" ("id","challenge_id","text","is_correct","audio_url","order") VALUES(655,232,'结束前',1,NULL,3);
INSERT INTO "challenge_options" ("id","challenge_id","text","is_correct","audio_url","order") VALUES(656,232,'炫耀',1,NULL,4);
INSERT INTO "challenge_options" ("id","challenge_id","text","is_correct","audio_url","order") VALUES(657,232,'你',1,NULL,5);
INSERT INTO "challenge_options" ("id","challenge_id","text","is_correct","audio_url","order") VALUES(658,232,'赢了',1,NULL,6);
INSERT INTO "challenge_options" ("id","challenge_id","text","is_correct","audio_url","order") VALUES(659,232,'乌龟',0,NULL,7);
INSERT INTO "challenge_options" ("id","challenge_id","text","is_correct","audio_url","order") VALUES(660,232,'挑战',0,NULL,8);
INSERT INTO "challenge_options" ("id","challenge_id","text","is_correct","audio_url","order") VALUES(661,233,'没人',1,NULL,0);
INSERT INTO "challenge_options" ("id","challenge_id","text","is_correct","audio_url","order") VALUES(662,233,'喜欢',1,NULL,1);
INSERT INTO "challenge_options" ("id","challenge_id","text","is_correct","audio_url","order") VALUES(663,233,'因为',1,NULL,2);
INSERT INTO "challenge_options" ("id","challenge_id","text","is_correct","audio_url","order") VALUES(664,233,'慢',1,NULL,3);
INSERT INTO "challenge_options" ("id","challenge_id","text","is_correct","audio_url","order") VALUES(665,233,'被',1,NULL,4);
INSERT INTO "challenge_options" ("id","challenge_id","text","is_correct","audio_url","order") VALUES(666,233,'嘲笑',1,NULL,5);
INSERT INTO "challenge_options" ("id","challenge_id","text","is_correct","audio_url","order") VALUES(667,233,'兔子',0,NULL,6);
INSERT INTO "challenge_options" ("id","challenge_id","text","is_correct","audio_url","order") VALUES(668,233,'赛跑',0,NULL,7);
INSERT INTO "challenge_options" ("id","challenge_id","text","is_correct","audio_url","order") VALUES(669,234,'兔子',1,NULL,0);
INSERT INTO "challenge_options" ("id","challenge_id","text","is_correct","audio_url","order") VALUES(670,234,'和',1,NULL,1);
INSERT INTO "challenge_options" ("id","challenge_id","text","is_correct","audio_url","order") VALUES(671,234,'乌龟',1,NULL,2);
INSERT INTO "challenge_options" ("id","challenge_id","text","is_correct","audio_url","order") VALUES(672,234,'有一天',1,NULL,3);
INSERT INTO "challenge_options" ("id","challenge_id","text","is_correct","audio_url","order") VALUES(673,234,'在',1,NULL,4);
INSERT INTO "challenge_options" ("id","challenge_id","text","is_correct","audio_url","order") VALUES(674,234,'树林里',1,NULL,5);
INSERT INTO "challenge_options" ("id","challenge_id","text","is_correct","audio_url","order") VALUES(675,234,'相遇',1,NULL,6);
INSERT INTO "challenge_options" ("id","challenge_id","text","is_correct","audio_url","order") VALUES(676,234,'野兔',0,NULL,7);
INSERT INTO "challenge_options" ("id","challenge_id","text","is_correct","audio_url","order") VALUES(677,234,'炫耀',0,NULL,8);
INSERT INTO "challenge_options" ("id","challenge_id","text","is_correct","audio_url","order") VALUES(678,218,'looked',1,NULL,0);
INSERT INTO "challenge_options" ("id","challenge_id","text","is_correct","audio_url","order") VALUES(679,218,'hill',0,NULL,1);
INSERT INTO "challenge_options" ("id","challenge_id","text","is_correct","audio_url","order") VALUES(680,218,'winner',0,NULL,2);
INSERT INTO "challenge_options" ("id","challenge_id","text","is_correct","audio_url","order") VALUES(681,219,'sure',1,NULL,0);
INSERT INTO "challenge_options" ("id","challenge_id","text","is_correct","audio_url","order") VALUES(682,219,'hill',0,NULL,1);
INSERT INTO "challenge_options" ("id","challenge_id","text","is_correct","audio_url","order") VALUES(683,219,'toward',0,NULL,2);
INSERT INTO "challenge_options" ("id","challenge_id","text","is_correct","audio_url","order") VALUES(684,220,'take',1,NULL,0);
INSERT INTO "challenge_options" ("id","challenge_id","text","is_correct","audio_url","order") VALUES(685,220,'hill',0,NULL,1);
INSERT INTO "challenge_options" ("id","challenge_id","text","is_correct","audio_url","order") VALUES(686,220,'winner',0,NULL,2);
INSERT INTO "challenge_options" ("id","challenge_id","text","is_correct","audio_url","order") VALUES(687,221,'While',1,NULL,0);
INSERT INTO "challenge_options" ("id","challenge_id","text","is_correct","audio_url","order") VALUES(688,221,'Hill',0,NULL,1);
INSERT INTO "challenge_options" ("id","challenge_id","text","is_correct","audio_url","order") VALUES(689,221,'Winner',0,NULL,2);
INSERT INTO "challenge_options" ("id","challenge_id","text","is_correct","audio_url","order") VALUES(690,222,'while',1,NULL,0);
INSERT INTO "challenge_options" ("id","challenge_id","text","is_correct","audio_url","order") VALUES(691,222,'toward',0,NULL,1);
INSERT INTO "challenge_options" ("id","challenge_id","text","is_correct","audio_url","order") VALUES(692,222,'steadily',0,NULL,2);
INSERT INTO "challenge_options" ("id","challenge_id","text","is_correct","audio_url","order") VALUES(693,223,'woke',1,NULL,0);
INSERT INTO "challenge_options" ("id","challenge_id","text","is_correct","audio_url","order") VALUES(694,223,'hill',0,NULL,1);
INSERT INTO "challenge_options" ("id","challenge_id","text","is_correct","audio_url","order") VALUES(695,223,'winner',0,NULL,2);
INSERT INTO "challenge_options" ("id","challenge_id","text","is_correct","audio_url","order") VALUES(696,224,'already',1,NULL,0);
INSERT INTO "challenge_options" ("id","challenge_id","text","is_correct","audio_url","order") VALUES(697,224,'hill',0,NULL,1);
INSERT INTO "challenge_options" ("id","challenge_id","text","is_correct","audio_url","order") VALUES(698,224,'winner',0,NULL,2);
INSERT INTO "challenge_options" ("id","challenge_id","text","is_correct","audio_url","order") VALUES(699,235,'野兔',1,NULL,0);
INSERT INTO "challenge_options" ("id","challenge_id","text","is_correct","audio_url","order") VALUES(700,235,'一听到',1,NULL,1);
INSERT INTO "challenge_options" ("id","challenge_id","text","is_correct","audio_url","order") VALUES(701,235,'跑',1,NULL,2);
INSERT INTO "challenge_options" ("id","challenge_id","text","is_correct","audio_url","order") VALUES(702,235,'就',1,NULL,3);
INSERT INTO "challenge_options" ("id","challenge_id","text","is_correct","audio_url","order") VALUES(703,235,'开始',1,NULL,4);
INSERT INTO "challenge_options" ("id","challenge_id","text","is_correct","audio_url","order") VALUES(704,235,'跑了',1,NULL,5);
INSERT INTO "challenge_options" ("id","challenge_id","text","is_correct","audio_url","order") VALUES(705,235,'乌龟',0,NULL,6);
INSERT INTO "challenge_options" ("id","challenge_id","text","is_correct","audio_url","order") VALUES(706,235,'终点线',0,NULL,7);
INSERT INTO "challenge_options" ("id","challenge_id","text","is_correct","audio_url","order") VALUES(707,236,'他',1,NULL,0);
INSERT INTO "challenge_options" ("id","challenge_id","text","is_correct","audio_url","order") VALUES(708,236,'宁愿',1,NULL,1);
INSERT INTO "challenge_options" ("id","challenge_id","text","is_correct","audio_url","order") VALUES(709,236,'睡一觉',1,NULL,2);
INSERT INTO "challenge_options" ("id","challenge_id","text","is_correct","audio_url","order") VALUES(710,236,'也',1,NULL,3);
INSERT INTO "challenge_options" ("id","challenge_id","text","is_correct","audio_url","order") VALUES(711,236,'不想',1,NULL,4);
INSERT INTO "challenge_options" ("id","challenge_id","text","is_correct","audio_url","order") VALUES(712,236,'做完',1,NULL,5);
INSERT INTO "challenge_options" ("id","challenge_id","text","is_correct","audio_url","order") VALUES(713,236,'作业',1,NULL,6);
INSERT INTO "challenge_options" ("id","challenge_id","text","is_correct","audio_url","order") VALUES(714,236,'兔子',0,NULL,7);
INSERT INTO "challenge_options" ("id","challenge_id","text","is_correct","audio_url","order") VALUES(715,236,'赛跑',0,NULL,8);
INSERT INTO "challenge_options" ("id","challenge_id","text","is_correct","audio_url","order") VALUES(716,237,'他',1,NULL,0);
INSERT INTO "challenge_options" ("id","challenge_id","text","is_correct","audio_url","order") VALUES(717,237,'回头',1,NULL,1);
INSERT INTO "challenge_options" ("id","challenge_id","text","is_correct","audio_url","order") VALUES(718,237,'看',1,NULL,2);
INSERT INTO "challenge_options" ("id","challenge_id","text","is_correct","audio_url","order") VALUES(719,237,'看见',1,NULL,3);
INSERT INTO "challenge_options" ("id","challenge_id","text","is_correct","audio_url","order") VALUES(720,237,'朋友们',1,NULL,4);
INSERT INTO "challenge_options" ("id","challenge_id","text","is_correct","audio_url","order") VALUES(721,237,'在',1,NULL,5);
INSERT INTO "challenge_options" ("id","challenge_id","text","is_correct","audio_url","order") VALUES(722,237,'后面',1,NULL,6);
INSERT INTO "challenge_options" ("id","challenge_id","text","is_correct","audio_url","order") VALUES(723,237,'乌龟',0,NULL,7);
INSERT INTO "challenge_options" ("id","challenge_id","text","is_correct","audio_url","order") VALUES(724,237,'赛跑',0,NULL,8);
INSERT INTO "challenge_options" ("id","challenge_id","text","is_correct","audio_url","order") VALUES(725,238,'野兔',1,NULL,0);
INSERT INTO "challenge_options" ("id","challenge_id","text","is_correct","audio_url","order") VALUES(726,238,'跑得',1,NULL,1);
INSERT INTO "challenge_options" ("id","challenge_id","text","is_correct","audio_url","order") VALUES(727,238,'更快',1,NULL,2);
INSERT INTO "challenge_options" ("id","challenge_id","text","is_correct","audio_url","order") VALUES(728,238,'但',1,NULL,3);
INSERT INTO "challenge_options" ("id","challenge_id","text","is_correct","audio_url","order") VALUES(729,238,'乌龟',1,NULL,4);
INSERT INTO "challenge_options" ("id","challenge_id","text","is_correct","audio_url","order") VALUES(730,238,'从',1,NULL,5);
INSERT INTO "challenge_options" ("id","challenge_id","text","is_correct","audio_url","order") VALUES(731,238,'不',1,NULL,6);
INSERT INTO "challenge_options" ("id","challenge_id","text","is_correct","audio_url","order") VALUES(732,238,'放弃',1,NULL,7);
INSERT INTO "challenge_options" ("id","challenge_id","text","is_correct","audio_url","order") VALUES(733,238,'兔子',0,NULL,8);
INSERT INTO "challenge_options" ("id","challenge_id","text","is_correct","audio_url","order") VALUES(734,238,'炫耀',0,NULL,9);
INSERT INTO "challenge_options" ("id","challenge_id","text","is_correct","audio_url","order") VALUES(735,225,'toward',1,NULL,0);
INSERT INTO "challenge_options" ("id","challenge_id","text","is_correct","audio_url","order") VALUES(736,225,'hill',0,NULL,1);
INSERT INTO "challenge_options" ("id","challenge_id","text","is_correct","audio_url","order") VALUES(737,225,'winner',0,NULL,2);
INSERT INTO "challenge_options" ("id","challenge_id","text","is_correct","audio_url","order") VALUES(738,226,'winner',1,NULL,0);
INSERT INTO "challenge_options" ("id","challenge_id","text","is_correct","audio_url","order") VALUES(739,226,'toward',0,NULL,1);
INSERT INTO "challenge_options" ("id","challenge_id","text","is_correct","audio_url","order") VALUES(740,226,'already',0,NULL,2);
INSERT INTO "challenge_options" ("id","challenge_id","text","is_correct","audio_url","order") VALUES(741,227,'Being',1,NULL,0);
INSERT INTO "challenge_options" ("id","challenge_id","text","is_correct","audio_url","order") VALUES(742,227,'Hill',0,NULL,1);
INSERT INTO "challenge_options" ("id","challenge_id","text","is_correct","audio_url","order") VALUES(743,227,'Winner',0,NULL,2);
INSERT INTO "challenge_options" ("id","challenge_id","text","is_correct","audio_url","order") VALUES(744,228,'sobbed',1,NULL,0);
INSERT INTO "challenge_options" ("id","challenge_id","text","is_correct","audio_url","order") VALUES(745,228,'toward',0,NULL,1);
INSERT INTO "challenge_options" ("id","challenge_id","text","is_correct","audio_url","order") VALUES(746,228,'winner',0,NULL,2);
INSERT INTO "challenge_options" ("id","challenge_id","text","is_correct","audio_url","order") VALUES(747,229,'tortoise',1,NULL,0);
INSERT INTO "challenge_options" ("id","challenge_id","text","is_correct","audio_url","order") VALUES(748,229,'toward',0,NULL,1);
INSERT INTO "challenge_options" ("id","challenge_id","text","is_correct","audio_url","order") VALUES(749,229,'already',0,NULL,2);
INSERT INTO "challenge_options" ("id","challenge_id","text","is_correct","audio_url","order") VALUES(750,230,'fast',1,NULL,0);
INSERT INTO "challenge_options" ("id","challenge_id","text","is_correct","audio_url","order") VALUES(751,230,'toward',0,NULL,1);
INSERT INTO "challenge_options" ("id","challenge_id","text","is_correct","audio_url","order") VALUES(752,230,'winner',0,NULL,2);
INSERT INTO "challenge_options" ("id","challenge_id","text","is_correct","audio_url","order") VALUES(753,239,'我',1,NULL,0);
INSERT INTO "challenge_options" ("id","challenge_id","text","is_correct","audio_url","order") VALUES(754,239,'睡觉',1,NULL,1);
INSERT INTO "challenge_options" ("id","challenge_id","text","is_correct","audio_url","order") VALUES(755,239,'时',1,NULL,2);
INSERT INTO "challenge_options" ("id","challenge_id","text","is_correct","audio_url","order") VALUES(756,239,'弟弟',1,NULL,3);
INSERT INTO "challenge_options" ("id","challenge_id","text","is_correct","audio_url","order") VALUES(757,239,'继续',1,NULL,4);
INSERT INTO "challenge_options" ("id","challenge_id","text","is_correct","audio_url","order") VALUES(758,239,'学习',1,NULL,5);
INSERT INTO "challenge_options" ("id","challenge_id","text","is_correct","audio_url","order") VALUES(759,239,'兔子',0,NULL,6);
INSERT INTO "challenge_options" ("id","challenge_id","text","is_correct","audio_url","order") VALUES(760,239,'炫耀',0,NULL,7);
INSERT INTO "challenge_options" ("id","challenge_id","text","is_correct","audio_url","order") VALUES(761,240,'他',1,NULL,0);
INSERT INTO "challenge_options" ("id","challenge_id","text","is_correct","audio_url","order") VALUES(762,240,'醒来',1,NULL,1);
INSERT INTO "challenge_options" ("id","challenge_id","text","is_correct","audio_url","order") VALUES(763,240,'看见',1,NULL,2);
INSERT INTO "challenge_options" ("id","challenge_id","text","is_correct","audio_url","order") VALUES(764,240,'终点线',1,NULL,3);
INSERT INTO "challenge_options" ("id","challenge_id","text","is_correct","audio_url","order") VALUES(765,240,'还',1,NULL,4);
INSERT INTO "challenge_options" ("id","challenge_id","text","is_correct","audio_url","order") VALUES(766,240,'很远',1,NULL,5);
INSERT INTO "challenge_options" ("id","challenge_id","text","is_correct","audio_url","order") VALUES(767,240,'乌龟',0,NULL,6);
INSERT INTO "challenge_options" ("id","challenge_id","text","is_correct","audio_url","order") VALUES(768,240,'赛跑',0,NULL,7);
INSERT INTO "challenge_options" ("id","challenge_id","text","is_correct","audio_url","order") VALUES(769,241,'真正的',1,NULL,0);
INSERT INTO "challenge_options" ("id","challenge_id","text","is_correct","audio_url","order") VALUES(770,241,'赢家',1,NULL,1);
INSERT INTO "challenge_options" ("id","challenge_id","text","is_correct","audio_url","order") VALUES(771,241,'是',1,NULL,2);
INSERT INTO "challenge_options" ("id","challenge_id","text","is_correct","audio_url","order") VALUES(772,241,'永不',1,NULL,3);
INSERT INTO "challenge_options" ("id","challenge_id","text","is_correct","audio_url","order") VALUES(773,241,'放弃',1,NULL,4);
INSERT INTO "challenge_options" ("id","challenge_id","text","is_correct","audio_url","order") VALUES(774,241,'的',1,NULL,5);
INSERT INTO "challenge_options" ("id","challenge_id","text","is_correct","audio_url","order") VALUES(775,241,'人',1,NULL,6);
INSERT INTO "challenge_options" ("id","challenge_id","text","is_correct","audio_url","order") VALUES(776,241,'野兔',0,NULL,7);
INSERT INTO "challenge_options" ("id","challenge_id","text","is_correct","audio_url","order") VALUES(777,241,'赛跑',0,NULL,8);
INSERT INTO "challenge_options" ("id","challenge_id","text","is_correct","audio_url","order") VALUES(778,242,'他',1,NULL,0);
INSERT INTO "challenge_options" ("id","challenge_id","text","is_correct","audio_url","order") VALUES(779,242,'输了',1,NULL,1);
INSERT INTO "challenge_options" ("id","challenge_id","text","is_correct","audio_url","order") VALUES(780,242,'比赛',1,NULL,2);
INSERT INTO "challenge_options" ("id","challenge_id","text","is_correct","audio_url","order") VALUES(781,242,'后',1,NULL,3);
INSERT INTO "challenge_options" ("id","challenge_id","text","is_correct","audio_url","order") VALUES(782,242,'羞愧地',1,NULL,4);
INSERT INTO "challenge_options" ("id","challenge_id","text","is_correct","audio_url","order") VALUES(783,242,'哭了',1,NULL,5);
INSERT INTO "challenge_options" ("id","challenge_id","text","is_correct","audio_url","order") VALUES(784,242,'乌龟',0,NULL,6);
INSERT INTO "challenge_options" ("id","challenge_id","text","is_correct","audio_url","order") VALUES(785,242,'炫耀',0,NULL,7);
INSERT INTO "challenge_options" ("id","challenge_id","text","is_correct","audio_url","order") VALUES(786,243,'狮子',1,NULL,0);
INSERT INTO "challenge_options" ("id","challenge_id","text","is_correct","audio_url","order") VALUES(787,243,'老虎',0,NULL,1);
INSERT INTO "challenge_options" ("id","challenge_id","text","is_correct","audio_url","order") VALUES(788,243,'兔子',0,NULL,2);
INSERT INTO "challenge_options" ("id","challenge_id","text","is_correct","audio_url","order") VALUES(789,244,'睡觉',1,NULL,0);
INSERT INTO "challenge_options" ("id","challenge_id","text","is_correct","audio_url","order") VALUES(790,244,'跑步',0,NULL,1);
INSERT INTO "challenge_options" ("id","challenge_id","text","is_correct","audio_url","order") VALUES(791,244,'说话',0,NULL,2);
INSERT INTO "challenge_options" ("id","challenge_id","text","is_correct","audio_url","order") VALUES(792,245,'在……下面',1,NULL,0);
INSERT INTO "challenge_options" ("id","challenge_id","text","is_correct","audio_url","order") VALUES(793,245,'在……上面',0,NULL,1);
INSERT INTO "challenge_options" ("id","challenge_id","text","is_correct","audio_url","order") VALUES(794,245,'在……里面',0,NULL,2);
INSERT INTO "challenge_options" ("id","challenge_id","text","is_correct","audio_url","order") VALUES(795,246,'树',1,NULL,0);
INSERT INTO "challenge_options" ("id","challenge_id","text","is_correct","audio_url","order") VALUES(796,246,'花',0,NULL,1);
INSERT INTO "challenge_options" ("id","challenge_id","text","is_correct","audio_url","order") VALUES(797,246,'草',0,NULL,2);
INSERT INTO "challenge_options" ("id","challenge_id","text","is_correct","audio_url","order") VALUES(798,247,'小小的',1,NULL,0);
INSERT INTO "challenge_options" ("id","challenge_id","text","is_correct","audio_url","order") VALUES(799,247,'巨大的',0,NULL,1);
INSERT INTO "challenge_options" ("id","challenge_id","text","is_correct","audio_url","order") VALUES(800,247,'凶猛的',0,NULL,2);
INSERT INTO "challenge_options" ("id","challenge_id","text","is_correct","audio_url","order") VALUES(801,248,'老鼠',1,NULL,0);
INSERT INTO "challenge_options" ("id","challenge_id","text","is_correct","audio_url","order") VALUES(802,248,'狮子',0,NULL,1);
INSERT INTO "challenge_options" ("id","challenge_id","text","is_correct","audio_url","order") VALUES(803,248,'蛇',0,NULL,2);
INSERT INTO "challenge_options" ("id","challenge_id","text","is_correct","audio_url","order") VALUES(804,249,'玩耍',1,NULL,0);
INSERT INTO "challenge_options" ("id","challenge_id","text","is_correct","audio_url","order") VALUES(805,249,'睡觉',0,NULL,1);
INSERT INTO "challenge_options" ("id","challenge_id","text","is_correct","audio_url","order") VALUES(806,249,'吃',0,NULL,2);
INSERT INTO "challenge_options" ("id","challenge_id","text","is_correct","audio_url","order") VALUES(807,250,'在周围',1,NULL,0);
INSERT INTO "challenge_options" ("id","challenge_id","text","is_correct","audio_url","order") VALUES(808,250,'在里面',0,NULL,1);
INSERT INTO "challenge_options" ("id","challenge_id","text","is_correct","audio_url","order") VALUES(809,250,'在远处',0,NULL,2);
INSERT INTO "challenge_options" ("id","challenge_id","text","is_correct","audio_url","order") VALUES(810,251,'突然',1,NULL,0);
INSERT INTO "challenge_options" ("id","challenge_id","text","is_correct","audio_url","order") VALUES(811,251,'慢慢',0,NULL,1);
INSERT INTO "challenge_options" ("id","challenge_id","text","is_correct","audio_url","order") VALUES(812,251,'从不',0,NULL,2);
INSERT INTO "challenge_options" ("id","challenge_id","text","is_correct","audio_url","order") VALUES(813,252,'醒来',1,NULL,0);
INSERT INTO "challenge_options" ("id","challenge_id","text","is_correct","audio_url","order") VALUES(814,252,'睡着',0,NULL,1);
INSERT INTO "challenge_options" ("id","challenge_id","text","is_correct","audio_url","order") VALUES(815,252,'跑走',0,NULL,2);
INSERT INTO "challenge_options" ("id","challenge_id","text","is_correct","audio_url","order") VALUES(816,253,'吃',1,NULL,0);
INSERT INTO "challenge_options" ("id","challenge_id","text","is_correct","audio_url","order") VALUES(817,253,'放',0,NULL,1);
INSERT INTO "challenge_options" ("id","challenge_id","text","is_correct","audio_url","order") VALUES(818,253,'帮',0,NULL,2);
INSERT INTO "challenge_options" ("id","challenge_id","text","is_correct","audio_url","order") VALUES(819,254,'抓起',1,NULL,0);
INSERT INTO "challenge_options" ("id","challenge_id","text","is_correct","audio_url","order") VALUES(820,254,'放下',0,NULL,1);
INSERT INTO "challenge_options" ("id","challenge_id","text","is_correct","audio_url","order") VALUES(821,254,'打开',0,NULL,2);
INSERT INTO "challenge_options" ("id","challenge_id","text","is_correct","audio_url","order") VALUES(822,255,'打开',1,NULL,0);
INSERT INTO "challenge_options" ("id","challenge_id","text","is_correct","audio_url","order") VALUES(823,255,'关上',0,NULL,1);
INSERT INTO "challenge_options" ("id","challenge_id","text","is_correct","audio_url","order") VALUES(824,255,'抓住',0,NULL,2);
INSERT INTO "challenge_options" ("id","challenge_id","text","is_correct","audio_url","order") VALUES(825,256,'嘴巴',1,NULL,0);
INSERT INTO "challenge_options" ("id","challenge_id","text","is_correct","audio_url","order") VALUES(826,256,'耳朵',0,NULL,1);
INSERT INTO "challenge_options" ("id","challenge_id","text","is_correct","audio_url","order") VALUES(827,256,'尾巴',0,NULL,2);
INSERT INTO "challenge_options" ("id","challenge_id","text","is_correct","audio_url","order") VALUES(828,257,'他的',1,NULL,0);
INSERT INTO "challenge_options" ("id","challenge_id","text","is_correct","audio_url","order") VALUES(829,257,'她的',0,NULL,1);
INSERT INTO "challenge_options" ("id","challenge_id","text","is_correct","audio_url","order") VALUES(830,257,'他们的',0,NULL,2);
INSERT INTO "challenge_options" ("id","challenge_id","text","is_correct","audio_url","order") VALUES(831,258,'请；拜托',1,NULL,0);
INSERT INTO "challenge_options" ("id","challenge_id","text","is_correct","audio_url","order") VALUES(832,258,'不要',0,NULL,1);
INSERT INTO "challenge_options" ("id","challenge_id","text","is_correct","audio_url","order") VALUES(833,258,'快点',0,NULL,2);
INSERT INTO "challenge_options" ("id","challenge_id","text","is_correct","audio_url","order") VALUES(834,259,'让我走',1,NULL,0);
INSERT INTO "challenge_options" ("id","challenge_id","text","is_correct","audio_url","order") VALUES(835,259,'抓住我',0,NULL,1);
INSERT INTO "challenge_options" ("id","challenge_id","text","is_correct","audio_url","order") VALUES(836,259,'吃掉我',0,NULL,2);
INSERT INTO "challenge_options" ("id","challenge_id","text","is_correct","audio_url","order") VALUES(837,260,'帮助',1,NULL,0);
INSERT INTO "challenge_options" ("id","challenge_id","text","is_correct","audio_url","order") VALUES(838,260,'吃掉',0,NULL,1);
INSERT INTO "challenge_options" ("id","challenge_id","text","is_correct","audio_url","order") VALUES(839,260,'嘲笑',0,NULL,2);
INSERT INTO "challenge_options" ("id","challenge_id","text","is_correct","audio_url","order") VALUES(840,261,'有一天',1,NULL,0);
INSERT INTO "challenge_options" ("id","challenge_id","text","is_correct","audio_url","order") VALUES(841,261,'昨天',0,NULL,1);
INSERT INTO "challenge_options" ("id","challenge_id","text","is_correct","audio_url","order") VALUES(842,261,'明天',0,NULL,2);
INSERT INTO "challenge_options" ("id","challenge_id","text","is_correct","audio_url","order") VALUES(843,262,'lion',1,NULL,0);
INSERT INTO "challenge_options" ("id","challenge_id","text","is_correct","audio_url","order") VALUES(844,262,'狮子',1,NULL,1);
INSERT INTO "challenge_options" ("id","challenge_id","text","is_correct","audio_url","order") VALUES(845,262,'sleeping',1,NULL,2);
INSERT INTO "challenge_options" ("id","challenge_id","text","is_correct","audio_url","order") VALUES(846,262,'睡觉',1,NULL,3);
INSERT INTO "challenge_options" ("id","challenge_id","text","is_correct","audio_url","order") VALUES(847,262,'under',1,NULL,4);
INSERT INTO "challenge_options" ("id","challenge_id","text","is_correct","audio_url","order") VALUES(848,262,'在……下面',1,NULL,5);
INSERT INTO "challenge_options" ("id","challenge_id","text","is_correct","audio_url","order") VALUES(849,262,'tree',1,NULL,6);
INSERT INTO "challenge_options" ("id","challenge_id","text","is_correct","audio_url","order") VALUES(850,262,'树',1,NULL,7);
INSERT INTO "challenge_options" ("id","challenge_id","text","is_correct","audio_url","order") VALUES(851,262,'little',1,NULL,8);
INSERT INTO "challenge_options" ("id","challenge_id","text","is_correct","audio_url","order") VALUES(852,262,'小小的',1,NULL,9);
INSERT INTO "challenge_options" ("id","challenge_id","text","is_correct","audio_url","order") VALUES(853,263,'mouse',1,NULL,0);
INSERT INTO "challenge_options" ("id","challenge_id","text","is_correct","audio_url","order") VALUES(854,263,'老鼠',1,NULL,1);
INSERT INTO "challenge_options" ("id","challenge_id","text","is_correct","audio_url","order") VALUES(855,263,'playing',1,NULL,2);
INSERT INTO "challenge_options" ("id","challenge_id","text","is_correct","audio_url","order") VALUES(856,263,'玩耍',1,NULL,3);
INSERT INTO "challenge_options" ("id","challenge_id","text","is_correct","audio_url","order") VALUES(857,263,'around',1,NULL,4);
INSERT INTO "challenge_options" ("id","challenge_id","text","is_correct","audio_url","order") VALUES(858,263,'在周围',1,NULL,5);
INSERT INTO "challenge_options" ("id","challenge_id","text","is_correct","audio_url","order") VALUES(859,263,'suddenly',1,NULL,6);
INSERT INTO "challenge_options" ("id","challenge_id","text","is_correct","audio_url","order") VALUES(860,263,'突然',1,NULL,7);
INSERT INTO "challenge_options" ("id","challenge_id","text","is_correct","audio_url","order") VALUES(861,263,'woke',1,NULL,8);
INSERT INTO "challenge_options" ("id","challenge_id","text","is_correct","audio_url","order") VALUES(862,263,'醒来',1,NULL,9);
INSERT INTO "challenge_options" ("id","challenge_id","text","is_correct","audio_url","order") VALUES(863,264,'eat',1,NULL,0);
INSERT INTO "challenge_options" ("id","challenge_id","text","is_correct","audio_url","order") VALUES(864,264,'吃',1,NULL,1);
INSERT INTO "challenge_options" ("id","challenge_id","text","is_correct","audio_url","order") VALUES(865,264,'pick up',1,NULL,2);
INSERT INTO "challenge_options" ("id","challenge_id","text","is_correct","audio_url","order") VALUES(866,264,'抓起',1,NULL,3);
INSERT INTO "challenge_options" ("id","challenge_id","text","is_correct","audio_url","order") VALUES(867,264,'open',1,NULL,4);
INSERT INTO "challenge_options" ("id","challenge_id","text","is_correct","audio_url","order") VALUES(868,264,'打开',1,NULL,5);
INSERT INTO "challenge_options" ("id","challenge_id","text","is_correct","audio_url","order") VALUES(869,264,'mouth',1,NULL,6);
INSERT INTO "challenge_options" ("id","challenge_id","text","is_correct","audio_url","order") VALUES(870,264,'嘴巴',1,NULL,7);
INSERT INTO "challenge_options" ("id","challenge_id","text","is_correct","audio_url","order") VALUES(871,264,'his',1,NULL,8);
INSERT INTO "challenge_options" ("id","challenge_id","text","is_correct","audio_url","order") VALUES(872,264,'他的',1,NULL,9);
INSERT INTO "challenge_options" ("id","challenge_id","text","is_correct","audio_url","order") VALUES(873,265,'please',1,NULL,0);
INSERT INTO "challenge_options" ("id","challenge_id","text","is_correct","audio_url","order") VALUES(874,265,'请；拜托',1,NULL,1);
INSERT INTO "challenge_options" ("id","challenge_id","text","is_correct","audio_url","order") VALUES(875,265,'let me go',1,NULL,2);
INSERT INTO "challenge_options" ("id","challenge_id","text","is_correct","audio_url","order") VALUES(876,265,'放了我',1,NULL,3);
INSERT INTO "challenge_options" ("id","challenge_id","text","is_correct","audio_url","order") VALUES(877,265,'help',1,NULL,4);
INSERT INTO "challenge_options" ("id","challenge_id","text","is_correct","audio_url","order") VALUES(878,265,'帮助',1,NULL,5);
INSERT INTO "challenge_options" ("id","challenge_id","text","is_correct","audio_url","order") VALUES(879,265,'one day',1,NULL,6);
INSERT INTO "challenge_options" ("id","challenge_id","text","is_correct","audio_url","order") VALUES(880,265,'有一天',1,NULL,7);
INSERT INTO "challenge_options" ("id","challenge_id","text","is_correct","audio_url","order") VALUES(881,265,'lion',1,NULL,8);
INSERT INTO "challenge_options" ("id","challenge_id","text","is_correct","audio_url","order") VALUES(882,265,'狮子',1,NULL,9);
INSERT INTO "challenge_options" ("id","challenge_id","text","is_correct","audio_url","order") VALUES(883,266,'一只',1,NULL,0);
INSERT INTO "challenge_options" ("id","challenge_id","text","is_correct","audio_url","order") VALUES(884,266,'狮子',1,NULL,1);
INSERT INTO "challenge_options" ("id","challenge_id","text","is_correct","audio_url","order") VALUES(885,266,'在',1,NULL,2);
INSERT INTO "challenge_options" ("id","challenge_id","text","is_correct","audio_url","order") VALUES(886,266,'树下',1,NULL,3);
INSERT INTO "challenge_options" ("id","challenge_id","text","is_correct","audio_url","order") VALUES(887,266,'睡觉',1,NULL,4);
INSERT INTO "challenge_options" ("id","challenge_id","text","is_correct","audio_url","order") VALUES(888,266,'老鼠',0,NULL,5);
INSERT INTO "challenge_options" ("id","challenge_id","text","is_correct","audio_url","order") VALUES(889,266,'陷阱',0,NULL,6);
INSERT INTO "challenge_options" ("id","challenge_id","text","is_correct","audio_url","order") VALUES(890,267,'一只',1,NULL,0);
INSERT INTO "challenge_options" ("id","challenge_id","text","is_correct","audio_url","order") VALUES(891,267,'小',1,NULL,1);
INSERT INTO "challenge_options" ("id","challenge_id","text","is_correct","audio_url","order") VALUES(892,267,'老鼠',1,NULL,2);
INSERT INTO "challenge_options" ("id","challenge_id","text","is_correct","audio_url","order") VALUES(893,267,'在',1,NULL,3);
INSERT INTO "challenge_options" ("id","challenge_id","text","is_correct","audio_url","order") VALUES(894,267,'狮子',1,NULL,4);
INSERT INTO "challenge_options" ("id","challenge_id","text","is_correct","audio_url","order") VALUES(895,267,'周围',1,NULL,5);
INSERT INTO "challenge_options" ("id","challenge_id","text","is_correct","audio_url","order") VALUES(896,267,'玩耍',1,NULL,6);
INSERT INTO "challenge_options" ("id","challenge_id","text","is_correct","audio_url","order") VALUES(897,267,'吃掉',0,NULL,7);
INSERT INTO "challenge_options" ("id","challenge_id","text","is_correct","audio_url","order") VALUES(898,267,'陷阱',0,NULL,8);
INSERT INTO "challenge_options" ("id","challenge_id","text","is_correct","audio_url","order") VALUES(899,268,'突然',1,NULL,0);
INSERT INTO "challenge_options" ("id","challenge_id","text","is_correct","audio_url","order") VALUES(900,268,'狮子',1,NULL,1);
INSERT INTO "challenge_options" ("id","challenge_id","text","is_correct","audio_url","order") VALUES(901,268,'醒',1,NULL,2);
INSERT INTO "challenge_options" ("id","challenge_id","text","is_correct","audio_url","order") VALUES(902,268,'了',1,NULL,3);
INSERT INTO "challenge_options" ("id","challenge_id","text","is_correct","audio_url","order") VALUES(903,268,'老鼠',0,NULL,4);
INSERT INTO "challenge_options" ("id","challenge_id","text","is_correct","audio_url","order") VALUES(904,268,'陷阱',0,NULL,5);
INSERT INTO "challenge_options" ("id","challenge_id","text","is_correct","audio_url","order") VALUES(905,269,'谁',1,NULL,0);
INSERT INTO "challenge_options" ("id","challenge_id","text","is_correct","audio_url","order") VALUES(906,269,'把',1,NULL,1);
INSERT INTO "challenge_options" ("id","challenge_id","text","is_correct","audio_url","order") VALUES(907,269,'我',1,NULL,2);
INSERT INTO "challenge_options" ("id","challenge_id","text","is_correct","audio_url","order") VALUES(908,269,'吵醒',1,NULL,3);
INSERT INTO "challenge_options" ("id","challenge_id","text","is_correct","audio_url","order") VALUES(909,269,'我',1,NULL,4);
INSERT INTO "challenge_options" ("id","challenge_id","text","is_correct","audio_url","order") VALUES(910,269,'要',1,NULL,5);
INSERT INTO "challenge_options" ("id","challenge_id","text","is_correct","audio_url","order") VALUES(911,269,'吃掉',1,NULL,6);
INSERT INTO "challenge_options" ("id","challenge_id","text","is_correct","audio_url","order") VALUES(912,269,'你',1,NULL,7);
INSERT INTO "challenge_options" ("id","challenge_id","text","is_correct","audio_url","order") VALUES(913,269,'放了我',0,NULL,8);
INSERT INTO "challenge_options" ("id","challenge_id","text","is_correct","audio_url","order") VALUES(914,269,'帮助',0,NULL,9);
INSERT INTO "challenge_options" ("id","challenge_id","text","is_correct","audio_url","order") VALUES(915,270,'狮子',1,NULL,0);
INSERT INTO "challenge_options" ("id","challenge_id","text","is_correct","audio_url","order") VALUES(916,270,'抓起',1,NULL,1);
INSERT INTO "challenge_options" ("id","challenge_id","text","is_correct","audio_url","order") VALUES(917,270,'老鼠',1,NULL,2);
INSERT INTO "challenge_options" ("id","challenge_id","text","is_correct","audio_url","order") VALUES(918,270,'张开了',1,NULL,3);
INSERT INTO "challenge_options" ("id","challenge_id","text","is_correct","audio_url","order") VALUES(919,270,'他的',1,NULL,4);
INSERT INTO "challenge_options" ("id","challenge_id","text","is_correct","audio_url","order") VALUES(920,270,'嘴巴',1,NULL,5);
INSERT INTO "challenge_options" ("id","challenge_id","text","is_correct","audio_url","order") VALUES(921,270,'跑走',0,NULL,6);
INSERT INTO "challenge_options" ("id","challenge_id","text","is_correct","audio_url","order") VALUES(922,270,'陷阱',0,NULL,7);
INSERT INTO "challenge_options" ("id","challenge_id","text","is_correct","audio_url","order") VALUES(923,271,'哦不',1,NULL,0);
INSERT INTO "challenge_options" ("id","challenge_id","text","is_correct","audio_url","order") VALUES(924,271,'拜托',1,NULL,1);
INSERT INTO "challenge_options" ("id","challenge_id","text","is_correct","audio_url","order") VALUES(925,271,'不要',1,NULL,2);
INSERT INTO "challenge_options" ("id","challenge_id","text","is_correct","audio_url","order") VALUES(926,271,'吃',1,NULL,3);
INSERT INTO "challenge_options" ("id","challenge_id","text","is_correct","audio_url","order") VALUES(927,271,'我',1,NULL,4);
INSERT INTO "challenge_options" ("id","challenge_id","text","is_correct","audio_url","order") VALUES(928,271,'狮子',0,NULL,5);
INSERT INTO "challenge_options" ("id","challenge_id","text","is_correct","audio_url","order") VALUES(929,271,'抓住',0,NULL,6);
INSERT INTO "challenge_options" ("id","challenge_id","text","is_correct","audio_url","order") VALUES(930,272,'如果',1,NULL,0);
INSERT INTO "challenge_options" ("id","challenge_id","text","is_correct","audio_url","order") VALUES(931,272,'你',1,NULL,1);
INSERT INTO "challenge_options" ("id","challenge_id","text","is_correct","audio_url","order") VALUES(932,272,'放了',1,NULL,2);
INSERT INTO "challenge_options" ("id","challenge_id","text","is_correct","audio_url","order") VALUES(933,272,'我',1,NULL,3);
INSERT INTO "challenge_options" ("id","challenge_id","text","is_correct","audio_url","order") VALUES(934,272,'有一天',1,NULL,4);
INSERT INTO "challenge_options" ("id","challenge_id","text","is_correct","audio_url","order") VALUES(935,272,'我',1,NULL,5);
INSERT INTO "challenge_options" ("id","challenge_id","text","is_correct","audio_url","order") VALUES(936,272,'会',1,NULL,6);
INSERT INTO "challenge_options" ("id","challenge_id","text","is_correct","audio_url","order") VALUES(937,272,'帮',1,NULL,7);
INSERT INTO "challenge_options" ("id","challenge_id","text","is_correct","audio_url","order") VALUES(938,272,'你',1,NULL,8);
INSERT INTO "challenge_options" ("id","challenge_id","text","is_correct","audio_url","order") VALUES(939,272,'吃掉',0,NULL,9);
INSERT INTO "challenge_options" ("id","challenge_id","text","is_correct","audio_url","order") VALUES(940,272,'陷阱',0,NULL,10);
INSERT INTO "challenge_options" ("id","challenge_id","text","is_correct","audio_url","order") VALUES(941,273,'做',1,NULL,0);
INSERT INTO "challenge_options" ("id","challenge_id","text","is_correct","audio_url","order") VALUES(942,273,'吃',0,NULL,1);
INSERT INTO "challenge_options" ("id","challenge_id","text","is_correct","audio_url","order") VALUES(943,273,'睡',0,NULL,2);
INSERT INTO "challenge_options" ("id","challenge_id","text","is_correct","audio_url","order") VALUES(944,274,'大笑',1,NULL,0);
INSERT INTO "challenge_options" ("id","challenge_id","text","is_correct","audio_url","order") VALUES(945,274,'哭',0,NULL,1);
INSERT INTO "challenge_options" ("id","challenge_id","text","is_correct","audio_url","order") VALUES(946,274,'睡',0,NULL,2);
INSERT INTO "challenge_options" ("id","challenge_id","text","is_correct","audio_url","order") VALUES(947,275,'跑走',1,NULL,0);
INSERT INTO "challenge_options" ("id","challenge_id","text","is_correct","audio_url","order") VALUES(948,275,'留下',0,NULL,1);
INSERT INTO "challenge_options" ("id","challenge_id","text","is_correct","audio_url","order") VALUES(949,275,'睡觉',0,NULL,2);
INSERT INTO "challenge_options" ("id","challenge_id","text","is_correct","audio_url","order") VALUES(950,276,'下一个',1,NULL,0);
INSERT INTO "challenge_options" ("id","challenge_id","text","is_correct","audio_url","order") VALUES(951,276,'上一个',0,NULL,1);
INSERT INTO "challenge_options" ("id","challenge_id","text","is_correct","audio_url","order") VALUES(952,276,'第一个',0,NULL,2);
INSERT INTO "challenge_options" ("id","challenge_id","text","is_correct","audio_url","order") VALUES(953,277,'第二天',1,NULL,0);
INSERT INTO "challenge_options" ("id","challenge_id","text","is_correct","audio_url","order") VALUES(954,277,'昨天',0,NULL,1);
INSERT INTO "challenge_options" ("id","challenge_id","text","is_correct","audio_url","order") VALUES(955,277,'去年',0,NULL,2);
INSERT INTO "challenge_options" ("id","challenge_id","text","is_correct","audio_url","order") VALUES(956,278,'抓住；被困',1,NULL,0);
INSERT INTO "challenge_options" ("id","challenge_id","text","is_correct","audio_url","order") VALUES(957,278,'放走',0,NULL,1);
INSERT INTO "challenge_options" ("id","challenge_id","text","is_correct","audio_url","order") VALUES(958,278,'打开',0,NULL,2);
INSERT INTO "challenge_options" ("id","challenge_id","text","is_correct","audio_url","order") VALUES(959,279,'陷阱',1,NULL,0);
INSERT INTO "challenge_options" ("id","challenge_id","text","is_correct","audio_url","order") VALUES(960,279,'树',0,NULL,1);
INSERT INTO "challenge_options" ("id","challenge_id","text","is_correct","audio_url","order") VALUES(961,279,'嘴巴',0,NULL,2);
INSERT INTO "challenge_options" ("id","challenge_id","text","is_correct","audio_url","order") VALUES(962,280,'看见',1,NULL,0);
INSERT INTO "challenge_options" ("id","challenge_id","text","is_correct","audio_url","order") VALUES(963,280,'听见',0,NULL,1);
INSERT INTO "challenge_options" ("id","challenge_id","text","is_correct","audio_url","order") VALUES(964,280,'闻到',0,NULL,2);
INSERT INTO "challenge_options" ("id","challenge_id","text","is_correct","audio_url","order") VALUES(965,281,'跑',1,NULL,0);
INSERT INTO "challenge_options" ("id","challenge_id","text","is_correct","audio_url","order") VALUES(966,281,'走',0,NULL,1);
INSERT INTO "challenge_options" ("id","challenge_id","text","is_correct","audio_url","order") VALUES(967,281,'睡',0,NULL,2);
INSERT INTO "challenge_options" ("id","challenge_id","text","is_correct","audio_url","order") VALUES(968,282,'开始',1,NULL,0);
INSERT INTO "challenge_options" ("id","challenge_id","text","is_correct","audio_url","order") VALUES(969,282,'结束',0,NULL,1);
INSERT INTO "challenge_options" ("id","challenge_id","text","is_correct","audio_url","order") VALUES(970,282,'忘记',0,NULL,2);
INSERT INTO "challenge_options" ("id","challenge_id","text","is_correct","audio_url","order") VALUES(971,283,'救了我的命',1,NULL,0);
INSERT INTO "challenge_options" ("id","challenge_id","text","is_correct","audio_url","order") VALUES(972,283,'吃掉我',0,NULL,1);
INSERT INTO "challenge_options" ("id","challenge_id","text","is_correct","audio_url","order") VALUES(973,283,'抓住我',0,NULL,2);
INSERT INTO "challenge_options" ("id","challenge_id","text","is_correct","audio_url","order") VALUES(974,284,'从那天起',1,NULL,0);
INSERT INTO "challenge_options" ("id","challenge_id","text","is_correct","audio_url","order") VALUES(975,284,'昨天',0,NULL,1);
INSERT INTO "challenge_options" ("id","challenge_id","text","is_correct","audio_url","order") VALUES(976,284,'明天',0,NULL,2);
INSERT INTO "challenge_options" ("id","challenge_id","text","is_correct","audio_url","order") VALUES(977,285,'成为',1,NULL,0);
INSERT INTO "challenge_options" ("id","challenge_id","text","is_correct","audio_url","order") VALUES(978,285,'离开',0,NULL,1);
INSERT INTO "challenge_options" ("id","challenge_id","text","is_correct","audio_url","order") VALUES(979,285,'忘记',0,NULL,2);
INSERT INTO "challenge_options" ("id","challenge_id","text","is_correct","audio_url","order") VALUES(980,286,'do',1,NULL,0);
INSERT INTO "challenge_options" ("id","challenge_id","text","is_correct","audio_url","order") VALUES(981,286,'做',1,NULL,1);
INSERT INTO "challenge_options" ("id","challenge_id","text","is_correct","audio_url","order") VALUES(982,286,'laugh',1,NULL,2);
INSERT INTO "challenge_options" ("id","challenge_id","text","is_correct","audio_url","order") VALUES(983,286,'大笑',1,NULL,3);
INSERT INTO "challenge_options" ("id","challenge_id","text","is_correct","audio_url","order") VALUES(984,286,'run away',1,NULL,4);
INSERT INTO "challenge_options" ("id","challenge_id","text","is_correct","audio_url","order") VALUES(985,286,'跑走',1,NULL,5);
INSERT INTO "challenge_options" ("id","challenge_id","text","is_correct","audio_url","order") VALUES(986,286,'next',1,NULL,6);
INSERT INTO "challenge_options" ("id","challenge_id","text","is_correct","audio_url","order") VALUES(987,286,'下一个',1,NULL,7);
INSERT INTO "challenge_options" ("id","challenge_id","text","is_correct","audio_url","order") VALUES(988,286,'next day',1,NULL,8);
INSERT INTO "challenge_options" ("id","challenge_id","text","is_correct","audio_url","order") VALUES(989,286,'第二天',1,NULL,9);
INSERT INTO "challenge_options" ("id","challenge_id","text","is_correct","audio_url","order") VALUES(990,287,'caught',1,NULL,0);
INSERT INTO "challenge_options" ("id","challenge_id","text","is_correct","audio_url","order") VALUES(991,287,'抓住；被困',1,NULL,1);
INSERT INTO "challenge_options" ("id","challenge_id","text","is_correct","audio_url","order") VALUES(992,287,'trap',1,NULL,2);
INSERT INTO "challenge_options" ("id","challenge_id","text","is_correct","audio_url","order") VALUES(993,287,'陷阱',1,NULL,3);
INSERT INTO "challenge_options" ("id","challenge_id","text","is_correct","audio_url","order") VALUES(994,287,'saw',1,NULL,4);
INSERT INTO "challenge_options" ("id","challenge_id","text","is_correct","audio_url","order") VALUES(995,287,'看见',1,NULL,5);
INSERT INTO "challenge_options" ("id","challenge_id","text","is_correct","audio_url","order") VALUES(996,287,'ran',1,NULL,6);
INSERT INTO "challenge_options" ("id","challenge_id","text","is_correct","audio_url","order") VALUES(997,287,'跑',1,NULL,7);
INSERT INTO "challenge_options" ("id","challenge_id","text","is_correct","audio_url","order") VALUES(998,287,'began',1,NULL,8);
INSERT INTO "challenge_options" ("id","challenge_id","text","is_correct","audio_url","order") VALUES(999,287,'开始',1,NULL,9);
INSERT INTO "challenge_options" ("id","challenge_id","text","is_correct","audio_url","order") VALUES(1000,288,'saved my life',1,NULL,0);
INSERT INTO "challenge_options" ("id","challenge_id","text","is_correct","audio_url","order") VALUES(1001,288,'救了我的命',1,NULL,1);
INSERT INTO "challenge_options" ("id","challenge_id","text","is_correct","audio_url","order") VALUES(1002,288,'from that day',1,NULL,2);
INSERT INTO "challenge_options" ("id","challenge_id","text","is_correct","audio_url","order") VALUES(1003,288,'从那天起',1,NULL,3);
INSERT INTO "challenge_options" ("id","challenge_id","text","is_correct","audio_url","order") VALUES(1004,288,'became',1,NULL,4);
INSERT INTO "challenge_options" ("id","challenge_id","text","is_correct","audio_url","order") VALUES(1005,288,'成为',1,NULL,5);
INSERT INTO "challenge_options" ("id","challenge_id","text","is_correct","audio_url","order") VALUES(1006,288,'do',1,NULL,6);
INSERT INTO "challenge_options" ("id","challenge_id","text","is_correct","audio_url","order") VALUES(1007,288,'做',1,NULL,7);
INSERT INTO "challenge_options" ("id","challenge_id","text","is_correct","audio_url","order") VALUES(1008,288,'laugh',1,NULL,8);
INSERT INTO "challenge_options" ("id","challenge_id","text","is_correct","audio_url","order") VALUES(1009,288,'大笑',1,NULL,9);
INSERT INTO "challenge_options" ("id","challenge_id","text","is_correct","audio_url","order") VALUES(1010,289,'我是',1,NULL,0);
INSERT INTO "challenge_options" ("id","challenge_id","text","is_correct","audio_url","order") VALUES(1011,289,'狮子',1,NULL,1);
INSERT INTO "challenge_options" ("id","challenge_id","text","is_correct","audio_url","order") VALUES(1012,289,'你',1,NULL,2);
INSERT INTO "challenge_options" ("id","challenge_id","text","is_correct","audio_url","order") VALUES(1013,289,'是',1,NULL,3);
INSERT INTO "challenge_options" ("id","challenge_id","text","is_correct","audio_url","order") VALUES(1014,289,'老鼠',1,NULL,4);
INSERT INTO "challenge_options" ("id","challenge_id","text","is_correct","audio_url","order") VALUES(1015,289,'你能',1,NULL,5);
INSERT INTO "challenge_options" ("id","challenge_id","text","is_correct","audio_url","order") VALUES(1016,289,'做',1,NULL,6);
INSERT INTO "challenge_options" ("id","challenge_id","text","is_correct","audio_url","order") VALUES(1017,289,'什么',1,NULL,7);
INSERT INTO "challenge_options" ("id","challenge_id","text","is_correct","audio_url","order") VALUES(1018,289,'陷阱',0,NULL,8);
INSERT INTO "challenge_options" ("id","challenge_id","text","is_correct","audio_url","order") VALUES(1019,289,'跑走',0,NULL,9);
INSERT INTO "challenge_options" ("id","challenge_id","text","is_correct","audio_url","order") VALUES(1020,290,'狮子',1,NULL,0);
INSERT INTO "challenge_options" ("id","challenge_id","text","is_correct","audio_url","order") VALUES(1021,290,'笑了',1,NULL,1);
INSERT INTO "challenge_options" ("id","challenge_id","text","is_correct","audio_url","order") VALUES(1022,290,'老鼠',0,NULL,2);
INSERT INTO "challenge_options" ("id","challenge_id","text","is_correct","audio_url","order") VALUES(1023,290,'陷阱',0,NULL,3);
INSERT INTO "challenge_options" ("id","challenge_id","text","is_correct","audio_url","order") VALUES(1024,291,'好吧',1,NULL,0);
INSERT INTO "challenge_options" ("id","challenge_id","text","is_correct","audio_url","order") VALUES(1025,291,'我',1,NULL,1);
INSERT INTO "challenge_options" ("id","challenge_id","text","is_correct","audio_url","order") VALUES(1026,291,'放',1,NULL,2);
INSERT INTO "challenge_options" ("id","challenge_id","text","is_correct","audio_url","order") VALUES(1027,291,'你',1,NULL,3);
INSERT INTO "challenge_options" ("id","challenge_id","text","is_correct","audio_url","order") VALUES(1028,291,'走',1,NULL,4);
INSERT INTO "challenge_options" ("id","challenge_id","text","is_correct","audio_url","order") VALUES(1029,291,'吃掉',0,NULL,5);
INSERT INTO "challenge_options" ("id","challenge_id","text","is_correct","audio_url","order") VALUES(1030,291,'抓住',0,NULL,6);
INSERT INTO "challenge_options" ("id","challenge_id","text","is_correct","audio_url","order") VALUES(1031,292,'老鼠',1,NULL,0);
INSERT INTO "challenge_options" ("id","challenge_id","text","is_correct","audio_url","order") VALUES(1032,292,'跑',1,NULL,1);
INSERT INTO "challenge_options" ("id","challenge_id","text","is_correct","audio_url","order") VALUES(1033,292,'走了',1,NULL,2);
INSERT INTO "challenge_options" ("id","challenge_id","text","is_correct","audio_url","order") VALUES(1034,292,'狮子',0,NULL,3);
INSERT INTO "challenge_options" ("id","challenge_id","text","is_correct","audio_url","order") VALUES(1035,292,'陷阱',0,NULL,4);
INSERT INTO "challenge_options" ("id","challenge_id","text","is_correct","audio_url","order") VALUES(1036,293,'第二天',1,NULL,0);
INSERT INTO "challenge_options" ("id","challenge_id","text","is_correct","audio_url","order") VALUES(1037,293,'狮子',1,NULL,1);
INSERT INTO "challenge_options" ("id","challenge_id","text","is_correct","audio_url","order") VALUES(1038,293,'被困在',1,NULL,2);
INSERT INTO "challenge_options" ("id","challenge_id","text","is_correct","audio_url","order") VALUES(1039,293,'陷阱',1,NULL,3);
INSERT INTO "challenge_options" ("id","challenge_id","text","is_correct","audio_url","order") VALUES(1040,293,'老鼠',0,NULL,4);
INSERT INTO "challenge_options" ("id","challenge_id","text","is_correct","audio_url","order") VALUES(1041,293,'跑走',0,NULL,5);
INSERT INTO "challenge_options" ("id","challenge_id","text","is_correct","audio_url","order") VALUES(1042,294,'看见这一幕',1,NULL,0);
INSERT INTO "challenge_options" ("id","challenge_id","text","is_correct","audio_url","order") VALUES(1043,294,'的',1,NULL,1);
INSERT INTO "challenge_options" ("id","challenge_id","text","is_correct","audio_url","order") VALUES(1044,294,'老鼠',1,NULL,2);
INSERT INTO "challenge_options" ("id","challenge_id","text","is_correct","audio_url","order") VALUES(1045,294,'跑到',1,NULL,3);
INSERT INTO "challenge_options" ("id","challenge_id","text","is_correct","audio_url","order") VALUES(1046,294,'狮子',1,NULL,4);
INSERT INTO "challenge_options" ("id","challenge_id","text","is_correct","audio_url","order") VALUES(1047,294,'那儿',1,NULL,5);
INSERT INTO "challenge_options" ("id","challenge_id","text","is_correct","audio_url","order") VALUES(1048,294,'开始',1,NULL,6);
INSERT INTO "challenge_options" ("id","challenge_id","text","is_correct","audio_url","order") VALUES(1049,294,'咬',1,NULL,7);
INSERT INTO "challenge_options" ("id","challenge_id","text","is_correct","audio_url","order") VALUES(1050,294,'绳子',1,NULL,8);
INSERT INTO "challenge_options" ("id","challenge_id","text","is_correct","audio_url","order") VALUES(1051,294,'大笑',0,NULL,9);
INSERT INTO "challenge_options" ("id","challenge_id","text","is_correct","audio_url","order") VALUES(1052,294,'放走',0,NULL,10);
INSERT INTO "challenge_options" ("id","challenge_id","text","is_correct","audio_url","order") VALUES(1053,295,'谢谢你',1,NULL,0);
INSERT INTO "challenge_options" ("id","challenge_id","text","is_correct","audio_url","order") VALUES(1054,295,'你',1,NULL,1);
INSERT INTO "challenge_options" ("id","challenge_id","text","is_correct","audio_url","order") VALUES(1055,295,'救',1,NULL,2);
INSERT INTO "challenge_options" ("id","challenge_id","text","is_correct","audio_url","order") VALUES(1056,295,'了',1,NULL,3);
INSERT INTO "challenge_options" ("id","challenge_id","text","is_correct","audio_url","order") VALUES(1057,295,'我的',1,NULL,4);
INSERT INTO "challenge_options" ("id","challenge_id","text","is_correct","audio_url","order") VALUES(1058,295,'命',1,NULL,5);
INSERT INTO "challenge_options" ("id","challenge_id","text","is_correct","audio_url","order") VALUES(1059,295,'陷阱',0,NULL,6);
INSERT INTO "challenge_options" ("id","challenge_id","text","is_correct","audio_url","order") VALUES(1060,295,'跑走',0,NULL,7);
INSERT INTO "challenge_options" ("id","challenge_id","text","is_correct","audio_url","order") VALUES(1061,296,'从',1,NULL,0);
INSERT INTO "challenge_options" ("id","challenge_id","text","is_correct","audio_url","order") VALUES(1062,296,'那天',1,NULL,1);
INSERT INTO "challenge_options" ("id","challenge_id","text","is_correct","audio_url","order") VALUES(1063,296,'起',1,NULL,2);
INSERT INTO "challenge_options" ("id","challenge_id","text","is_correct","audio_url","order") VALUES(1064,296,'狮子',1,NULL,3);
INSERT INTO "challenge_options" ("id","challenge_id","text","is_correct","audio_url","order") VALUES(1065,296,'和',1,NULL,4);
INSERT INTO "challenge_options" ("id","challenge_id","text","is_correct","audio_url","order") VALUES(1066,296,'老鼠',1,NULL,5);
INSERT INTO "challenge_options" ("id","challenge_id","text","is_correct","audio_url","order") VALUES(1067,296,'成了',1,NULL,6);
INSERT INTO "challenge_options" ("id","challenge_id","text","is_correct","audio_url","order") VALUES(1068,296,'最好的',1,NULL,7);
INSERT INTO "challenge_options" ("id","challenge_id","text","is_correct","audio_url","order") VALUES(1069,296,'朋友',1,NULL,8);
INSERT INTO "challenge_options" ("id","challenge_id","text","is_correct","audio_url","order") VALUES(1070,296,'陷阱',0,NULL,9);
INSERT INTO "challenge_options" ("id","challenge_id","text","is_correct","audio_url","order") VALUES(1071,296,'大笑',0,NULL,10);
INSERT INTO "challenge_options" ("id","challenge_id","text","is_correct","audio_url","order") VALUES(1072,297,'lion',1,NULL,0);
INSERT INTO "challenge_options" ("id","challenge_id","text","is_correct","audio_url","order") VALUES(1073,297,'trap',0,NULL,1);
INSERT INTO "challenge_options" ("id","challenge_id","text","is_correct","audio_url","order") VALUES(1074,297,'tree',0,NULL,2);
INSERT INTO "challenge_options" ("id","challenge_id","text","is_correct","audio_url","order") VALUES(1075,298,'under',1,NULL,0);
INSERT INTO "challenge_options" ("id","challenge_id","text","is_correct","audio_url","order") VALUES(1076,298,'around',0,NULL,1);
INSERT INTO "challenge_options" ("id","challenge_id","text","is_correct","audio_url","order") VALUES(1077,298,'open',0,NULL,2);
INSERT INTO "challenge_options" ("id","challenge_id","text","is_correct","audio_url","order") VALUES(1078,299,'little',1,NULL,0);
INSERT INTO "challenge_options" ("id","challenge_id","text","is_correct","audio_url","order") VALUES(1079,299,'sudden',0,NULL,1);
INSERT INTO "challenge_options" ("id","challenge_id","text","is_correct","audio_url","order") VALUES(1080,299,'one',0,NULL,2);
INSERT INTO "challenge_options" ("id","challenge_id","text","is_correct","audio_url","order") VALUES(1081,300,'Suddenly',1,NULL,0);
INSERT INTO "challenge_options" ("id","challenge_id","text","is_correct","audio_url","order") VALUES(1082,300,'Please',0,NULL,1);
INSERT INTO "challenge_options" ("id","challenge_id","text","is_correct","audio_url","order") VALUES(1083,300,'One day',0,NULL,2);
INSERT INTO "challenge_options" ("id","challenge_id","text","is_correct","audio_url","order") VALUES(1084,301,'pick',1,NULL,0);
INSERT INTO "challenge_options" ("id","challenge_id","text","is_correct","audio_url","order") VALUES(1085,301,'open',0,NULL,1);
INSERT INTO "challenge_options" ("id","challenge_id","text","is_correct","audio_url","order") VALUES(1086,301,'let',0,NULL,2);
INSERT INTO "challenge_options" ("id","challenge_id","text","is_correct","audio_url","order") VALUES(1087,302,'Please',1,NULL,0);
INSERT INTO "challenge_options" ("id","challenge_id","text","is_correct","audio_url","order") VALUES(1088,302,'Suddenly',0,NULL,1);
INSERT INTO "challenge_options" ("id","challenge_id","text","is_correct","audio_url","order") VALUES(1089,302,'One day',0,NULL,2);
INSERT INTO "challenge_options" ("id","challenge_id","text","is_correct","audio_url","order") VALUES(1090,303,'猫',1,NULL,0);
INSERT INTO "challenge_options" ("id","challenge_id","text","is_correct","audio_url","order") VALUES(1091,303,'在',1,NULL,1);
INSERT INTO "challenge_options" ("id","challenge_id","text","is_correct","audio_url","order") VALUES(1092,303,'树下',1,NULL,2);
INSERT INTO "challenge_options" ("id","challenge_id","text","is_correct","audio_url","order") VALUES(1093,303,'睡觉',1,NULL,3);
INSERT INTO "challenge_options" ("id","challenge_id","text","is_correct","audio_url","order") VALUES(1094,303,'老鼠',0,NULL,4);
INSERT INTO "challenge_options" ("id","challenge_id","text","is_correct","audio_url","order") VALUES(1095,303,'陷阱',0,NULL,5);
INSERT INTO "challenge_options" ("id","challenge_id","text","is_correct","audio_url","order") VALUES(1096,304,'小',1,NULL,0);
INSERT INTO "challenge_options" ("id","challenge_id","text","is_correct","audio_url","order") VALUES(1097,304,'男孩',1,NULL,1);
INSERT INTO "challenge_options" ("id","challenge_id","text","is_correct","audio_url","order") VALUES(1098,304,'想要',1,NULL,2);
INSERT INTO "challenge_options" ("id","challenge_id","text","is_correct","audio_url","order") VALUES(1099,304,'玩耍',1,NULL,3);
INSERT INTO "challenge_options" ("id","challenge_id","text","is_correct","audio_url","order") VALUES(1100,304,'狮子',0,NULL,4);
INSERT INTO "challenge_options" ("id","challenge_id","text","is_correct","audio_url","order") VALUES(1101,304,'吃掉',0,NULL,5);
INSERT INTO "challenge_options" ("id","challenge_id","text","is_correct","audio_url","order") VALUES(1102,305,'他',1,NULL,0);
INSERT INTO "challenge_options" ("id","challenge_id","text","is_correct","audio_url","order") VALUES(1103,305,'张开',1,NULL,1);
INSERT INTO "challenge_options" ("id","challenge_id","text","is_correct","audio_url","order") VALUES(1104,305,'他的',1,NULL,2);
INSERT INTO "challenge_options" ("id","challenge_id","text","is_correct","audio_url","order") VALUES(1105,305,'嘴巴',1,NULL,3);
INSERT INTO "challenge_options" ("id","challenge_id","text","is_correct","audio_url","order") VALUES(1106,305,'打了哈欠',1,NULL,4);
INSERT INTO "challenge_options" ("id","challenge_id","text","is_correct","audio_url","order") VALUES(1107,305,'老鼠',0,NULL,5);
INSERT INTO "challenge_options" ("id","challenge_id","text","is_correct","audio_url","order") VALUES(1108,305,'陷阱',0,NULL,6);
INSERT INTO "challenge_options" ("id","challenge_id","text","is_correct","audio_url","order") VALUES(1109,306,'有一天',1,NULL,0);
INSERT INTO "challenge_options" ("id","challenge_id","text","is_correct","audio_url","order") VALUES(1110,306,'我',1,NULL,1);
INSERT INTO "challenge_options" ("id","challenge_id","text","is_correct","audio_url","order") VALUES(1111,306,'会',1,NULL,2);
INSERT INTO "challenge_options" ("id","challenge_id","text","is_correct","audio_url","order") VALUES(1112,306,'帮',1,NULL,3);
INSERT INTO "challenge_options" ("id","challenge_id","text","is_correct","audio_url","order") VALUES(1113,306,'你',1,NULL,4);
INSERT INTO "challenge_options" ("id","challenge_id","text","is_correct","audio_url","order") VALUES(1114,306,'吃掉',0,NULL,5);
INSERT INTO "challenge_options" ("id","challenge_id","text","is_correct","audio_url","order") VALUES(1115,306,'抓住',0,NULL,6);
INSERT INTO "challenge_options" ("id","challenge_id","text","is_correct","audio_url","order") VALUES(1116,307,'laughed',1,NULL,0);
INSERT INTO "challenge_options" ("id","challenge_id","text","is_correct","audio_url","order") VALUES(1117,307,'ran',0,NULL,1);
INSERT INTO "challenge_options" ("id","challenge_id","text","is_correct","audio_url","order") VALUES(1118,307,'saw',0,NULL,2);
INSERT INTO "challenge_options" ("id","challenge_id","text","is_correct","audio_url","order") VALUES(1119,308,'ran',1,NULL,0);
INSERT INTO "challenge_options" ("id","challenge_id","text","is_correct","audio_url","order") VALUES(1120,308,'began',0,NULL,1);
INSERT INTO "challenge_options" ("id","challenge_id","text","is_correct","audio_url","order") VALUES(1121,308,'saved',0,NULL,2);
INSERT INTO "challenge_options" ("id","challenge_id","text","is_correct","audio_url","order") VALUES(1122,309,'next',1,NULL,0);
INSERT INTO "challenge_options" ("id","challenge_id","text","is_correct","audio_url","order") VALUES(1123,309,'trap',0,NULL,1);
INSERT INTO "challenge_options" ("id","challenge_id","text","is_correct","audio_url","order") VALUES(1124,309,'rope',0,NULL,2);
INSERT INTO "challenge_options" ("id","challenge_id","text","is_correct","audio_url","order") VALUES(1125,310,'began',1,NULL,0);
INSERT INTO "challenge_options" ("id","challenge_id","text","is_correct","audio_url","order") VALUES(1126,310,'ran',0,NULL,1);
INSERT INTO "challenge_options" ("id","challenge_id","text","is_correct","audio_url","order") VALUES(1127,310,'caught',0,NULL,2);
INSERT INTO "challenge_options" ("id","challenge_id","text","is_correct","audio_url","order") VALUES(1128,311,'saved',1,NULL,0);
INSERT INTO "challenge_options" ("id","challenge_id","text","is_correct","audio_url","order") VALUES(1129,311,'caught',0,NULL,1);
INSERT INTO "challenge_options" ("id","challenge_id","text","is_correct","audio_url","order") VALUES(1130,311,'ran',0,NULL,2);
INSERT INTO "challenge_options" ("id","challenge_id","text","is_correct","audio_url","order") VALUES(1131,312,'她',1,NULL,0);
INSERT INTO "challenge_options" ("id","challenge_id","text","is_correct","audio_url","order") VALUES(1132,312,'听到',1,NULL,1);
INSERT INTO "challenge_options" ("id","challenge_id","text","is_correct","audio_url","order") VALUES(1133,312,'笑话',1,NULL,2);
INSERT INTO "challenge_options" ("id","challenge_id","text","is_correct","audio_url","order") VALUES(1134,312,'后',1,NULL,3);
INSERT INTO "challenge_options" ("id","challenge_id","text","is_correct","audio_url","order") VALUES(1135,312,'笑了',1,NULL,4);
INSERT INTO "challenge_options" ("id","challenge_id","text","is_correct","audio_url","order") VALUES(1136,312,'陷阱',0,NULL,5);
INSERT INTO "challenge_options" ("id","challenge_id","text","is_correct","audio_url","order") VALUES(1137,312,'跑走',0,NULL,6);
INSERT INTO "challenge_options" ("id","challenge_id","text","is_correct","audio_url","order") VALUES(1138,313,'第二天',1,NULL,0);
INSERT INTO "challenge_options" ("id","challenge_id","text","is_correct","audio_url","order") VALUES(1139,313,'他',1,NULL,1);
INSERT INTO "challenge_options" ("id","challenge_id","text","is_correct","audio_url","order") VALUES(1140,313,'被',1,NULL,2);
INSERT INTO "challenge_options" ("id","challenge_id","text","is_correct","audio_url","order") VALUES(1141,313,'雨',1,NULL,3);
INSERT INTO "challenge_options" ("id","challenge_id","text","is_correct","audio_url","order") VALUES(1142,313,'困',1,NULL,4);
INSERT INTO "challenge_options" ("id","challenge_id","text","is_correct","audio_url","order") VALUES(1143,313,'住了',1,NULL,5);
INSERT INTO "challenge_options" ("id","challenge_id","text","is_correct","audio_url","order") VALUES(1144,313,'老鼠',0,NULL,6);
INSERT INTO "challenge_options" ("id","challenge_id","text","is_correct","audio_url","order") VALUES(1145,313,'大笑',0,NULL,7);
INSERT INTO "challenge_options" ("id","challenge_id","text","is_correct","audio_url","order") VALUES(1146,314,'她',1,NULL,0);
INSERT INTO "challenge_options" ("id","challenge_id","text","is_correct","audio_url","order") VALUES(1147,314,'开始',1,NULL,1);
INSERT INTO "challenge_options" ("id","challenge_id","text","is_correct","audio_url","order") VALUES(1148,314,'读',1,NULL,2);
INSERT INTO "challenge_options" ("id","challenge_id","text","is_correct","audio_url","order") VALUES(1149,314,'那本',1,NULL,3);
INSERT INTO "challenge_options" ("id","challenge_id","text","is_correct","audio_url","order") VALUES(1150,314,'书',1,NULL,4);
INSERT INTO "challenge_options" ("id","challenge_id","text","is_correct","audio_url","order") VALUES(1151,314,'狮子',0,NULL,5);
INSERT INTO "challenge_options" ("id","challenge_id","text","is_correct","audio_url","order") VALUES(1152,314,'跑走',0,NULL,6);
INSERT INTO "challenge_options" ("id","challenge_id","text","is_correct","audio_url","order") VALUES(1153,315,'从',1,NULL,0);
INSERT INTO "challenge_options" ("id","challenge_id","text","is_correct","audio_url","order") VALUES(1154,315,'那天',1,NULL,1);
INSERT INTO "challenge_options" ("id","challenge_id","text","is_correct","audio_url","order") VALUES(1155,315,'起',1,NULL,2);
INSERT INTO "challenge_options" ("id","challenge_id","text","is_correct","audio_url","order") VALUES(1156,315,'我们',1,NULL,3);
INSERT INTO "challenge_options" ("id","challenge_id","text","is_correct","audio_url","order") VALUES(1157,315,'成了',1,NULL,4);
INSERT INTO "challenge_options" ("id","challenge_id","text","is_correct","audio_url","order") VALUES(1158,315,'朋友',1,NULL,5);
INSERT INTO "challenge_options" ("id","challenge_id","text","is_correct","audio_url","order") VALUES(1159,315,'陷阱',0,NULL,6);
INSERT INTO "challenge_options" ("id","challenge_id","text","is_correct","audio_url","order") VALUES(1160,315,'放走',0,NULL,7);
CREATE TABLE `challenge_tokens` (
	`id` integer PRIMARY KEY AUTOINCREMENT NOT NULL,
	`challenge_id` integer NOT NULL,
	`text` text NOT NULL,
	`translation` text,
	`audio_url` text,
	`order` integer DEFAULT 0 NOT NULL,
	FOREIGN KEY (`challenge_id`) REFERENCES `challenges`(`id`) ON UPDATE no action ON DELETE cascade
);
INSERT INTO "challenge_tokens" ("id","challenge_id","text","translation","audio_url","order") VALUES(1,1,'Hello,','你好',NULL,0);
INSERT INTO "challenge_tokens" ("id","challenge_id","text","translation","audio_url","order") VALUES(2,1,'I','我',NULL,1);
INSERT INTO "challenge_tokens" ("id","challenge_id","text","translation","audio_url","order") VALUES(3,1,'am','是',NULL,2);
INSERT INTO "challenge_tokens" ("id","challenge_id","text","translation","audio_url","order") VALUES(4,1,'Beethoven.','贝多芬',NULL,3);
INSERT INTO "challenge_tokens" ("id","challenge_id","text","translation","audio_url","order") VALUES(5,3,'He','他',NULL,0);
INSERT INTO "challenge_tokens" ("id","challenge_id","text","translation","audio_url","order") VALUES(6,3,'began','开始',NULL,1);
INSERT INTO "challenge_tokens" ("id","challenge_id","text","translation","audio_url","order") VALUES(7,3,'learning','学习',NULL,2);
INSERT INTO "challenge_tokens" ("id","challenge_id","text","translation","audio_url","order") VALUES(8,3,'music','音乐',NULL,3);
INSERT INTO "challenge_tokens" ("id","challenge_id","text","translation","audio_url","order") VALUES(9,3,'at a very young age.','在很小的时候',NULL,4);
INSERT INTO "challenge_tokens" ("id","challenge_id","text","translation","audio_url","order") VALUES(10,5,'They','他们',NULL,0);
INSERT INTO "challenge_tokens" ("id","challenge_id","text","translation","audio_url","order") VALUES(11,5,'speak','说',NULL,1);
INSERT INTO "challenge_tokens" ("id","challenge_id","text","translation","audio_url","order") VALUES(12,5,'a little','一点点',NULL,2);
INSERT INTO "challenge_tokens" ("id","challenge_id","text","translation","audio_url","order") VALUES(13,5,'Chinese.','中文',NULL,3);
INSERT INTO "challenge_tokens" ("id","challenge_id","text","translation","audio_url","order") VALUES(14,8,'He','他',NULL,0);
INSERT INTO "challenge_tokens" ("id","challenge_id","text","translation","audio_url","order") VALUES(15,8,'lost','失去了',NULL,1);
INSERT INTO "challenge_tokens" ("id","challenge_id","text","translation","audio_url","order") VALUES(16,8,'his hearing.','听力',NULL,2);
INSERT INTO "challenge_tokens" ("id","challenge_id","text","translation","audio_url","order") VALUES(17,9,'Nobel','诺贝尔',NULL,0);
INSERT INTO "challenge_tokens" ("id","challenge_id","text","translation","audio_url","order") VALUES(18,9,'was','是',NULL,1);
INSERT INTO "challenge_tokens" ("id","challenge_id","text","translation","audio_url","order") VALUES(19,9,'a Swedish','一位瑞典',NULL,2);
INSERT INTO "challenge_tokens" ("id","challenge_id","text","translation","audio_url","order") VALUES(20,9,'inventor.','发明家',NULL,3);
CREATE TABLE `challenges` (
	`id` integer PRIMARY KEY AUTOINCREMENT NOT NULL,
	`lesson_id` integer NOT NULL,
	`type` text NOT NULL,
	`question` text NOT NULL,
	`audio_url` text,
	`order` integer DEFAULT 0 NOT NULL,
	`created_at` text DEFAULT (current_timestamp) NOT NULL, `sentence` text, `translation` text,
	FOREIGN KEY (`lesson_id`) REFERENCES `lessons`(`id`) ON UPDATE no action ON DELETE cascade
);
INSERT INTO "challenges" ("id","lesson_id","type","question","audio_url","order","created_at","sentence","translation") VALUES(1,1,'TRANSLATE','Hello, I am Beethoven.','ElevenLabs_2026-03-07T08_32_39_Rachel_pre_sp100_s50_sb75_se0_b_m2.mp3',0,'2026-03-08 08:20:28',NULL,NULL);
INSERT INTO "challenges" ("id","lesson_id","type","question","audio_url","order","created_at","sentence","translation") VALUES(2,1,'FILL_BLANK','Beethoven ___ born in Bonn, Germany.',NULL,1,'2026-03-08 08:20:28',NULL,NULL);
INSERT INTO "challenges" ("id","lesson_id","type","question","audio_url","order","created_at","sentence","translation") VALUES(3,1,'SELECT_TRANSLATION','He began learning music at a very young age.',NULL,2,'2026-03-08 08:20:28',NULL,NULL);
INSERT INTO "challenges" ("id","lesson_id","type","question","audio_url","order","created_at","sentence","translation") VALUES(4,1,'MATCH_PAIRS','Match the English words with their Chinese translations.',NULL,3,'2026-03-08 08:20:28',NULL,NULL);
INSERT INTO "challenges" ("id","lesson_id","type","question","audio_url","order","created_at","sentence","translation") VALUES(5,1,'TRANSLATE','They speak a little Chinese.',NULL,4,'2026-03-08 08:20:28',NULL,NULL);
INSERT INTO "challenges" ("id","lesson_id","type","question","audio_url","order","created_at","sentence","translation") VALUES(6,2,'FILL_BLANK','His father ___ his first music teacher.',NULL,0,'2026-03-08 08:20:28',NULL,NULL);
INSERT INTO "challenges" ("id","lesson_id","type","question","audio_url","order","created_at","sentence","translation") VALUES(7,2,'SELECT_TRANSLATION','Beethoven composed nine symphonies.',NULL,1,'2026-03-08 08:20:28',NULL,NULL);
INSERT INTO "challenges" ("id","lesson_id","type","question","audio_url","order","created_at","sentence","translation") VALUES(8,2,'TRANSLATE','He lost his hearing.',NULL,2,'2026-03-08 08:20:28',NULL,NULL);
INSERT INTO "challenges" ("id","lesson_id","type","question","audio_url","order","created_at","sentence","translation") VALUES(9,3,'TRANSLATE','Nobel was a Swedish inventor.',NULL,0,'2026-03-08 08:20:28',NULL,NULL);
INSERT INTO "challenges" ("id","lesson_id","type","question","audio_url","order","created_at","sentence","translation") VALUES(10,3,'FILL_BLANK','He ___ born in Stockholm in 1833.',NULL,1,'2026-03-08 08:20:28',NULL,NULL);
INSERT INTO "challenges" ("id","lesson_id","type","question","audio_url","order","created_at","sentence","translation") VALUES(11,3,'MATCH_PAIRS','Match the words.',NULL,2,'2026-03-08 08:20:28',NULL,NULL);
INSERT INTO "challenges" ("id","lesson_id","type","question","audio_url","order","created_at","sentence","translation") VALUES(109,13,'SELECT_TRANSLATION','once',NULL,0,'2026-03-13 14:38:41',NULL,NULL);
INSERT INTO "challenges" ("id","lesson_id","type","question","audio_url","order","created_at","sentence","translation") VALUES(110,13,'SELECT_TRANSLATION','rabbit',NULL,1,'2026-03-13 14:38:41',NULL,NULL);
INSERT INTO "challenges" ("id","lesson_id","type","question","audio_url","order","created_at","sentence","translation") VALUES(111,13,'SELECT_TRANSLATION','always',NULL,2,'2026-03-13 14:38:41',NULL,NULL);
INSERT INTO "challenges" ("id","lesson_id","type","question","audio_url","order","created_at","sentence","translation") VALUES(112,13,'SELECT_TRANSLATION','brag',NULL,3,'2026-03-13 14:38:41',NULL,NULL);
INSERT INTO "challenges" ("id","lesson_id","type","question","audio_url","order","created_at","sentence","translation") VALUES(113,13,'SELECT_TRANSLATION','about',NULL,4,'2026-03-13 14:38:41',NULL,NULL);
INSERT INTO "challenges" ("id","lesson_id","type","question","audio_url","order","created_at","sentence","translation") VALUES(114,13,'SELECT_TRANSLATION','fast',NULL,5,'2026-03-13 14:38:41',NULL,NULL);
INSERT INTO "challenges" ("id","lesson_id","type","question","audio_url","order","created_at","sentence","translation") VALUES(115,13,'SELECT_TRANSLATION','get out',NULL,6,'2026-03-13 14:38:41',NULL,NULL);
INSERT INTO "challenges" ("id","lesson_id","type","question","audio_url","order","created_at","sentence","translation") VALUES(116,13,'SELECT_TRANSLATION','best',NULL,7,'2026-03-13 14:38:41',NULL,NULL);
INSERT INTO "challenges" ("id","lesson_id","type","question","audio_url","order","created_at","sentence","translation") VALUES(117,13,'SELECT_TRANSLATION','say',NULL,8,'2026-03-13 14:38:41',NULL,NULL);
INSERT INTO "challenges" ("id","lesson_id","type","question","audio_url","order","created_at","sentence","translation") VALUES(118,13,'SELECT_TRANSLATION','tease',NULL,9,'2026-03-13 14:38:41',NULL,NULL);
INSERT INTO "challenges" ("id","lesson_id","type","question","audio_url","order","created_at","sentence","translation") VALUES(119,13,'SELECT_TRANSLATION','tortoise',NULL,10,'2026-03-13 14:38:41',NULL,NULL);
INSERT INTO "challenges" ("id","lesson_id","type","question","audio_url","order","created_at","sentence","translation") VALUES(120,13,'SELECT_TRANSLATION','slow',NULL,11,'2026-03-13 14:38:41',NULL,NULL);
INSERT INTO "challenges" ("id","lesson_id","type","question","audio_url","order","created_at","sentence","translation") VALUES(121,13,'SELECT_TRANSLATION','fastest',NULL,12,'2026-03-13 14:38:41',NULL,NULL);
INSERT INTO "challenges" ("id","lesson_id","type","question","audio_url","order","created_at","sentence","translation") VALUES(122,13,'SELECT_TRANSLATION','runner',NULL,13,'2026-03-13 14:38:41',NULL,NULL);
INSERT INTO "challenges" ("id","lesson_id","type","question","audio_url","order","created_at","sentence","translation") VALUES(123,13,'SELECT_TRANSLATION','woods',NULL,14,'2026-03-13 14:38:41',NULL,NULL);
INSERT INTO "challenges" ("id","lesson_id","type","question","audio_url","order","created_at","sentence","translation") VALUES(124,13,'SELECT_TRANSLATION','challenge',NULL,15,'2026-03-13 14:38:41',NULL,NULL);
INSERT INTO "challenges" ("id","lesson_id","type","question","audio_url","order","created_at","sentence","translation") VALUES(125,13,'SELECT_TRANSLATION','race',NULL,16,'2026-03-13 14:38:41',NULL,NULL);
INSERT INTO "challenges" ("id","lesson_id","type","question","audio_url","order","created_at","sentence","translation") VALUES(126,13,'SELECT_TRANSLATION','tree',NULL,17,'2026-03-13 14:38:41',NULL,NULL);
INSERT INTO "challenges" ("id","lesson_id","type","question","audio_url","order","created_at","sentence","translation") VALUES(127,13,'SELECT_TRANSLATION','hill',NULL,18,'2026-03-13 14:38:41',NULL,NULL);
INSERT INTO "challenges" ("id","lesson_id","type","question","audio_url","order","created_at","sentence","translation") VALUES(128,13,'SELECT_TRANSLATION','first',NULL,19,'2026-03-13 14:38:41',NULL,NULL);
INSERT INTO "challenges" ("id","lesson_id","type","question","audio_url","order","created_at","sentence","translation") VALUES(129,13,'SELECT_TRANSLATION','said',NULL,20,'2026-03-13 14:38:41',NULL,NULL);
INSERT INTO "challenges" ("id","lesson_id","type","question","audio_url","order","created_at","sentence","translation") VALUES(130,13,'MATCH_PAIRS','Match the English words with their Chinese translations.',NULL,21,'2026-03-13 14:38:41',NULL,NULL);
INSERT INTO "challenges" ("id","lesson_id","type","question","audio_url","order","created_at","sentence","translation") VALUES(131,13,'MATCH_PAIRS','Match the English words with their Chinese translations.',NULL,22,'2026-03-13 14:38:41',NULL,NULL);
INSERT INTO "challenges" ("id","lesson_id","type","question","audio_url","order","created_at","sentence","translation") VALUES(132,13,'MATCH_PAIRS','Match the English words with their Chinese translations.',NULL,23,'2026-03-13 14:38:41',NULL,NULL);
INSERT INTO "challenges" ("id","lesson_id","type","question","audio_url","order","created_at","sentence","translation") VALUES(133,13,'MATCH_PAIRS','Match the English words with their Chinese translations.',NULL,24,'2026-03-13 14:38:41',NULL,NULL);
INSERT INTO "challenges" ("id","lesson_id","type","question","audio_url","order","created_at","sentence","translation") VALUES(134,13,'MATCH_PAIRS','Match the English words with their Chinese translations.',NULL,25,'2026-03-13 14:38:41',NULL,NULL);
INSERT INTO "challenges" ("id","lesson_id","type","question","audio_url","order","created_at","sentence","translation") VALUES(135,14,'SELECT_TRANSLATION','hare',NULL,0,'2026-03-13 14:38:41',NULL,NULL);
INSERT INTO "challenges" ("id","lesson_id","type","question","audio_url","order","created_at","sentence","translation") VALUES(136,14,'SELECT_TRANSLATION','start',NULL,1,'2026-03-13 14:38:41',NULL,NULL);
INSERT INTO "challenges" ("id","lesson_id","type","question","audio_url","order","created_at","sentence","translation") VALUES(137,14,'SELECT_TRANSLATION','running',NULL,2,'2026-03-13 14:38:41',NULL,NULL);
INSERT INTO "challenges" ("id","lesson_id","type","question","audio_url","order","created_at","sentence","translation") VALUES(138,14,'SELECT_TRANSLATION','faster',NULL,3,'2026-03-13 14:38:41',NULL,NULL);
INSERT INTO "challenges" ("id","lesson_id","type","question","audio_url","order","created_at","sentence","translation") VALUES(139,14,'SELECT_TRANSLATION','at one point',NULL,4,'2026-03-13 14:38:41',NULL,NULL);
INSERT INTO "challenges" ("id","lesson_id","type","question","audio_url","order","created_at","sentence","translation") VALUES(140,14,'SELECT_TRANSLATION','look back',NULL,5,'2026-03-13 14:38:41',NULL,NULL);
INSERT INTO "challenges" ("id","lesson_id","type","question","audio_url","order","created_at","sentence","translation") VALUES(141,14,'SELECT_TRANSLATION','couldn''t',NULL,6,'2026-03-13 14:38:41',NULL,NULL);
INSERT INTO "challenges" ("id","lesson_id","type","question","audio_url","order","created_at","sentence","translation") VALUES(142,14,'SELECT_TRANSLATION','even',NULL,7,'2026-03-13 14:38:41',NULL,NULL);
INSERT INTO "challenges" ("id","lesson_id","type","question","audio_url","order","created_at","sentence","translation") VALUES(143,14,'SELECT_TRANSLATION','see',NULL,8,'2026-03-13 14:38:41',NULL,NULL);
INSERT INTO "challenges" ("id","lesson_id","type","question","audio_url","order","created_at","sentence","translation") VALUES(144,14,'SELECT_TRANSLATION','thought',NULL,9,'2026-03-13 14:38:41',NULL,NULL);
INSERT INTO "challenges" ("id","lesson_id","type","question","audio_url","order","created_at","sentence","translation") VALUES(145,14,'SELECT_TRANSLATION','himself',NULL,10,'2026-03-13 14:38:41',NULL,NULL);
INSERT INTO "challenges" ("id","lesson_id","type","question","audio_url","order","created_at","sentence","translation") VALUES(146,14,'SELECT_TRANSLATION','sure',NULL,11,'2026-03-13 14:38:41',NULL,NULL);
INSERT INTO "challenges" ("id","lesson_id","type","question","audio_url","order","created_at","sentence","translation") VALUES(147,14,'SELECT_TRANSLATION','win',NULL,12,'2026-03-13 14:38:41',NULL,NULL);
INSERT INTO "challenges" ("id","lesson_id","type","question","audio_url","order","created_at","sentence","translation") VALUES(148,14,'SELECT_TRANSLATION','this',NULL,13,'2026-03-13 14:38:41',NULL,NULL);
INSERT INTO "challenges" ("id","lesson_id","type","question","audio_url","order","created_at","sentence","translation") VALUES(149,14,'SELECT_TRANSLATION','why',NULL,14,'2026-03-13 14:38:41',NULL,NULL);
INSERT INTO "challenges" ("id","lesson_id","type","question","audio_url","order","created_at","sentence","translation") VALUES(150,14,'SELECT_TRANSLATION','should',NULL,15,'2026-03-13 14:38:41',NULL,NULL);
INSERT INTO "challenges" ("id","lesson_id","type","question","audio_url","order","created_at","sentence","translation") VALUES(151,14,'SELECT_TRANSLATION','hurry',NULL,16,'2026-03-13 14:38:41',NULL,NULL);
INSERT INTO "challenges" ("id","lesson_id","type","question","audio_url","order","created_at","sentence","translation") VALUES(152,14,'SELECT_TRANSLATION','would rather',NULL,17,'2026-03-13 14:38:41',NULL,NULL);
INSERT INTO "challenges" ("id","lesson_id","type","question","audio_url","order","created_at","sentence","translation") VALUES(153,14,'SELECT_TRANSLATION','take a nap',NULL,18,'2026-03-13 14:38:41',NULL,NULL);
INSERT INTO "challenges" ("id","lesson_id","type","question","audio_url","order","created_at","sentence","translation") VALUES(154,14,'SELECT_TRANSLATION','here',NULL,19,'2026-03-13 14:38:41',NULL,NULL);
INSERT INTO "challenges" ("id","lesson_id","type","question","audio_url","order","created_at","sentence","translation") VALUES(155,14,'SELECT_TRANSLATION','for a while',NULL,20,'2026-03-13 14:38:41',NULL,NULL);
INSERT INTO "challenges" ("id","lesson_id","type","question","audio_url","order","created_at","sentence","translation") VALUES(156,14,'MATCH_PAIRS','Match the English words with their Chinese translations.',NULL,21,'2026-03-13 14:38:41',NULL,NULL);
INSERT INTO "challenges" ("id","lesson_id","type","question","audio_url","order","created_at","sentence","translation") VALUES(157,14,'MATCH_PAIRS','Match the English words with their Chinese translations.',NULL,22,'2026-03-13 14:38:41',NULL,NULL);
INSERT INTO "challenges" ("id","lesson_id","type","question","audio_url","order","created_at","sentence","translation") VALUES(158,14,'MATCH_PAIRS','Match the English words with their Chinese translations.',NULL,23,'2026-03-13 14:38:41',NULL,NULL);
INSERT INTO "challenges" ("id","lesson_id","type","question","audio_url","order","created_at","sentence","translation") VALUES(159,14,'MATCH_PAIRS','Match the English words with their Chinese translations.',NULL,24,'2026-03-13 14:38:41',NULL,NULL);
INSERT INTO "challenges" ("id","lesson_id","type","question","audio_url","order","created_at","sentence","translation") VALUES(160,14,'MATCH_PAIRS','Match the English words with their Chinese translations.',NULL,25,'2026-03-13 14:38:41',NULL,NULL);
INSERT INTO "challenges" ("id","lesson_id","type","question","audio_url","order","created_at","sentence","translation") VALUES(161,15,'SELECT_TRANSLATION','while',NULL,0,'2026-03-13 14:38:41',NULL,NULL);
INSERT INTO "challenges" ("id","lesson_id","type","question","audio_url","order","created_at","sentence","translation") VALUES(162,15,'SELECT_TRANSLATION','sleeping',NULL,1,'2026-03-13 14:38:41',NULL,NULL);
INSERT INTO "challenges" ("id","lesson_id","type","question","audio_url","order","created_at","sentence","translation") VALUES(163,15,'SELECT_TRANSLATION','kept on',NULL,2,'2026-03-13 14:38:41',NULL,NULL);
INSERT INTO "challenges" ("id","lesson_id","type","question","audio_url","order","created_at","sentence","translation") VALUES(164,15,'SELECT_TRANSLATION','going',NULL,3,'2026-03-13 14:38:41',NULL,NULL);
INSERT INTO "challenges" ("id","lesson_id","type","question","audio_url","order","created_at","sentence","translation") VALUES(165,15,'SELECT_TRANSLATION','after',NULL,4,'2026-03-13 14:38:41',NULL,NULL);
INSERT INTO "challenges" ("id","lesson_id","type","question","audio_url","order","created_at","sentence","translation") VALUES(166,15,'SELECT_TRANSLATION','a while',NULL,5,'2026-03-13 14:38:41',NULL,NULL);
INSERT INTO "challenges" ("id","lesson_id","type","question","audio_url","order","created_at","sentence","translation") VALUES(167,15,'SELECT_TRANSLATION','woke up',NULL,6,'2026-03-13 14:38:41',NULL,NULL);
INSERT INTO "challenges" ("id","lesson_id","type","question","audio_url","order","created_at","sentence","translation") VALUES(168,15,'SELECT_TRANSLATION','saw',NULL,7,'2026-03-13 14:38:41',NULL,NULL);
INSERT INTO "challenges" ("id","lesson_id","type","question","audio_url","order","created_at","sentence","translation") VALUES(169,15,'SELECT_TRANSLATION','reach',NULL,8,'2026-03-13 14:38:41',NULL,NULL);
INSERT INTO "challenges" ("id","lesson_id","type","question","audio_url","order","created_at","sentence","translation") VALUES(170,15,'SELECT_TRANSLATION','finish line',NULL,9,'2026-03-13 14:38:41',NULL,NULL);
INSERT INTO "challenges" ("id","lesson_id","type","question","audio_url","order","created_at","sentence","translation") VALUES(171,15,'SELECT_TRANSLATION','rush',NULL,10,'2026-03-13 14:38:41',NULL,NULL);
INSERT INTO "challenges" ("id","lesson_id","type","question","audio_url","order","created_at","sentence","translation") VALUES(172,15,'SELECT_TRANSLATION','toward',NULL,11,'2026-03-13 14:38:41',NULL,NULL);
INSERT INTO "challenges" ("id","lesson_id","type","question","audio_url","order","created_at","sentence","translation") VALUES(173,15,'SELECT_TRANSLATION','as fast as he could',NULL,12,'2026-03-13 14:38:41',NULL,NULL);
INSERT INTO "challenges" ("id","lesson_id","type","question","audio_url","order","created_at","sentence","translation") VALUES(174,15,'SELECT_TRANSLATION','too late',NULL,13,'2026-03-13 14:38:41',NULL,NULL);
INSERT INTO "challenges" ("id","lesson_id","type","question","audio_url","order","created_at","sentence","translation") VALUES(175,15,'SELECT_TRANSLATION','already',NULL,14,'2026-03-13 14:38:41',NULL,NULL);
INSERT INTO "challenges" ("id","lesson_id","type","question","audio_url","order","created_at","sentence","translation") VALUES(176,15,'SELECT_TRANSLATION','crossed the line',NULL,15,'2026-03-13 14:38:41',NULL,NULL);
INSERT INTO "challenges" ("id","lesson_id","type","question","audio_url","order","created_at","sentence","translation") VALUES(177,15,'SELECT_TRANSLATION','winner',NULL,16,'2026-03-13 14:38:41',NULL,NULL);
INSERT INTO "challenges" ("id","lesson_id","type","question","audio_url","order","created_at","sentence","translation") VALUES(178,15,'SELECT_TRANSLATION','slow',NULL,17,'2026-03-13 14:38:41',NULL,NULL);
INSERT INTO "challenges" ("id","lesson_id","type","question","audio_url","order","created_at","sentence","translation") VALUES(179,15,'SELECT_TRANSLATION','but',NULL,18,'2026-03-13 14:38:41',NULL,NULL);
INSERT INTO "challenges" ("id","lesson_id","type","question","audio_url","order","created_at","sentence","translation") VALUES(180,15,'SELECT_TRANSLATION','steady',NULL,19,'2026-03-13 14:38:41',NULL,NULL);
INSERT INTO "challenges" ("id","lesson_id","type","question","audio_url","order","created_at","sentence","translation") VALUES(181,15,'SELECT_TRANSLATION','win',NULL,20,'2026-03-13 14:38:41',NULL,NULL);
INSERT INTO "challenges" ("id","lesson_id","type","question","audio_url","order","created_at","sentence","translation") VALUES(182,15,'SELECT_TRANSLATION','told',NULL,21,'2026-03-13 14:38:41',NULL,NULL);
INSERT INTO "challenges" ("id","lesson_id","type","question","audio_url","order","created_at","sentence","translation") VALUES(183,15,'SELECT_TRANSLATION','sobbed in shame',NULL,22,'2026-03-13 14:38:41',NULL,NULL);
INSERT INTO "challenges" ("id","lesson_id","type","question","audio_url","order","created_at","sentence","translation") VALUES(184,15,'MATCH_PAIRS','Match the English words with their Chinese translations.',NULL,23,'2026-03-13 14:38:41',NULL,NULL);
INSERT INTO "challenges" ("id","lesson_id","type","question","audio_url","order","created_at","sentence","translation") VALUES(185,15,'MATCH_PAIRS','Match the English words with their Chinese translations.',NULL,24,'2026-03-13 14:38:41',NULL,NULL);
INSERT INTO "challenges" ("id","lesson_id","type","question","audio_url","order","created_at","sentence","translation") VALUES(186,15,'MATCH_PAIRS','Match the English words with their Chinese translations.',NULL,25,'2026-03-13 14:38:41',NULL,NULL);
INSERT INTO "challenges" ("id","lesson_id","type","question","audio_url","order","created_at","sentence","translation") VALUES(187,15,'MATCH_PAIRS','Match the English words with their Chinese translations.',NULL,26,'2026-03-13 14:38:41',NULL,NULL);
INSERT INTO "challenges" ("id","lesson_id","type","question","audio_url","order","created_at","sentence","translation") VALUES(188,15,'MATCH_PAIRS','Match the English words with their Chinese translations.',NULL,27,'2026-03-13 14:38:41',NULL,NULL);
INSERT INTO "challenges" ("id","lesson_id","type","question","audio_url","order","created_at","sentence","translation") VALUES(189,13,'TRANSLATE','There once was a rabbit who always bragged about how fast he was.',NULL,26,'2026-03-13 14:38:41',NULL,NULL);
INSERT INTO "challenges" ("id","lesson_id","type","question","audio_url","order","created_at","sentence","translation") VALUES(190,13,'TRANSLATE','Get out of the way.',NULL,27,'2026-03-13 14:38:41',NULL,NULL);
INSERT INTO "challenges" ("id","lesson_id","type","question","audio_url","order","created_at","sentence","translation") VALUES(191,13,'TRANSLATE','I''m the best, he would say.',NULL,28,'2026-03-13 14:38:41',NULL,NULL);
INSERT INTO "challenges" ("id","lesson_id","type","question","audio_url","order","created_at","sentence","translation") VALUES(192,13,'TRANSLATE','He always teased the tortoise for being slow.',NULL,29,'2026-03-13 14:38:41',NULL,NULL);
INSERT INTO "challenges" ("id","lesson_id","type","question","audio_url","order","created_at","sentence","translation") VALUES(193,13,'TRANSLATE','I''m the fastest runner in the woods.',NULL,30,'2026-03-13 14:38:41',NULL,NULL);
INSERT INTO "challenges" ("id","lesson_id","type","question","audio_url","order","created_at","sentence","translation") VALUES(194,13,'TRANSLATE','Why are you slow?',NULL,31,'2026-03-13 14:38:41',NULL,NULL);
INSERT INTO "challenges" ("id","lesson_id","type","question","audio_url","order","created_at","sentence","translation") VALUES(195,13,'TRANSLATE','One day, the tortoise challenged the rabbit to a race.',NULL,32,'2026-03-13 14:38:41',NULL,NULL);
INSERT INTO "challenges" ("id","lesson_id","type","question","audio_url","order","created_at","sentence","translation") VALUES(196,13,'TRANSLATE','Let''s see who reaches the tree on the hill first, he said.',NULL,33,'2026-03-13 14:38:41',NULL,NULL);
INSERT INTO "challenges" ("id","lesson_id","type","question","audio_url","order","created_at","sentence","translation") VALUES(197,14,'TRANSLATE','The tortoise and the hare stood at the starting line for the race.',NULL,26,'2026-03-13 14:38:41',NULL,NULL);
INSERT INTO "challenges" ("id","lesson_id","type","question","audio_url","order","created_at","sentence","translation") VALUES(198,14,'TRANSLATE','Ready, set, go, said the hare, and they started running.',NULL,27,'2026-03-13 14:38:41',NULL,NULL);
INSERT INTO "challenges" ("id","lesson_id","type","question","audio_url","order","created_at","sentence","translation") VALUES(199,14,'TRANSLATE','The hare was much faster than the tortoise.',NULL,28,'2026-03-13 14:38:41',NULL,NULL);
INSERT INTO "challenges" ("id","lesson_id","type","question","audio_url","order","created_at","sentence","translation") VALUES(200,14,'TRANSLATE','At one point, when the hare looked back, he couldn''t even see the tortoise.',NULL,29,'2026-03-13 14:38:41',NULL,NULL);
INSERT INTO "challenges" ("id","lesson_id","type","question","audio_url","order","created_at","sentence","translation") VALUES(201,14,'TRANSLATE','The hare thought to himself I''m sure I''ll win this race, why should I hurry?',NULL,30,'2026-03-13 14:38:41',NULL,NULL);
INSERT INTO "challenges" ("id","lesson_id","type","question","audio_url","order","created_at","sentence","translation") VALUES(202,14,'TRANSLATE','I would rather take a nap here for a while.',NULL,31,'2026-03-13 14:38:41',NULL,NULL);
INSERT INTO "challenges" ("id","lesson_id","type","question","audio_url","order","created_at","sentence","translation") VALUES(203,15,'TRANSLATE','While the hare was sleeping, the tortoise kept on going.',NULL,28,'2026-03-13 14:38:41',NULL,NULL);
INSERT INTO "challenges" ("id","lesson_id","type","question","audio_url","order","created_at","sentence","translation") VALUES(204,15,'TRANSLATE','After a while, when the hare woke up, he saw the tortoise reaching the finish line.',NULL,29,'2026-03-13 14:38:41',NULL,NULL);
INSERT INTO "challenges" ("id","lesson_id","type","question","audio_url","order","created_at","sentence","translation") VALUES(205,15,'TRANSLATE','The hare rushed towards the finish line as fast as he could, but it was too late.',NULL,30,'2026-03-13 14:38:41',NULL,NULL);
INSERT INTO "challenges" ("id","lesson_id","type","question","audio_url","order","created_at","sentence","translation") VALUES(206,15,'TRANSLATE','The tortoise had already crossed the line.',NULL,31,'2026-03-13 14:38:41',NULL,NULL);
INSERT INTO "challenges" ("id","lesson_id","type","question","audio_url","order","created_at","sentence","translation") VALUES(207,15,'TRANSLATE','The tortoise was the winner.',NULL,32,'2026-03-13 14:38:41',NULL,NULL);
INSERT INTO "challenges" ("id","lesson_id","type","question","audio_url","order","created_at","sentence","translation") VALUES(208,15,'TRANSLATE','Being slow but steady wins the race.',NULL,33,'2026-03-13 14:38:41',NULL,NULL);
INSERT INTO "challenges" ("id","lesson_id","type","question","audio_url","order","created_at","sentence","translation") VALUES(209,15,'TRANSLATE','It''s not over until it''s over, the tortoise told the hare.',NULL,34,'2026-03-13 14:38:41',NULL,NULL);
INSERT INTO "challenges" ("id","lesson_id","type","question","audio_url","order","created_at","sentence","translation") VALUES(210,15,'TRANSLATE','The hare sobbed in shame.',NULL,35,'2026-03-13 14:38:41',NULL,NULL);
INSERT INTO "challenges" ("id","lesson_id","type","question","audio_url","order","created_at","sentence","translation") VALUES(211,16,'FILL_BLANK','The ___ is much faster than the tortoise.',NULL,0,'2026-03-13 14:38:41',NULL,NULL);
INSERT INTO "challenges" ("id","lesson_id","type","question","audio_url","order","created_at","sentence","translation") VALUES(212,16,'FILL_BLANK','Being ___ but steady wins the race.',NULL,1,'2026-03-13 14:38:41',NULL,NULL);
INSERT INTO "challenges" ("id","lesson_id","type","question","audio_url","order","created_at","sentence","translation") VALUES(213,16,'FILL_BLANK','The ___ always bragged about being fast.',NULL,2,'2026-03-13 14:38:41',NULL,NULL);
INSERT INTO "challenges" ("id","lesson_id","type","question","audio_url","order","created_at","sentence","translation") VALUES(214,16,'FILL_BLANK','The tortoise ___ the rabbit to a race.',NULL,3,'2026-03-13 14:38:41',NULL,NULL);
INSERT INTO "challenges" ("id","lesson_id","type","question","audio_url","order","created_at","sentence","translation") VALUES(215,16,'FILL_BLANK','Who will reach the ___ on the hill first?',NULL,4,'2026-03-13 14:38:41',NULL,NULL);
INSERT INTO "challenges" ("id","lesson_id","type","question","audio_url","order","created_at","sentence","translation") VALUES(216,16,'FILL_BLANK','The tortoise and the hare stood at the ___ line.',NULL,5,'2026-03-13 14:38:41',NULL,NULL);
INSERT INTO "challenges" ("id","lesson_id","type","question","audio_url","order","created_at","sentence","translation") VALUES(217,16,'FILL_BLANK','They ___ running when the hare said go.',NULL,6,'2026-03-13 14:38:41',NULL,NULL);
INSERT INTO "challenges" ("id","lesson_id","type","question","audio_url","order","created_at","sentence","translation") VALUES(218,17,'FILL_BLANK','At one point the hare ___ back and couldn''t see the tortoise.',NULL,0,'2026-03-13 14:38:41',NULL,NULL);
INSERT INTO "challenges" ("id","lesson_id","type","question","audio_url","order","created_at","sentence","translation") VALUES(219,17,'FILL_BLANK','The hare thought to himself: I''m ___ I''ll win.',NULL,1,'2026-03-13 14:38:41',NULL,NULL);
INSERT INTO "challenges" ("id","lesson_id","type","question","audio_url","order","created_at","sentence","translation") VALUES(220,17,'FILL_BLANK','The hare would rather ___ a nap than keep running.',NULL,2,'2026-03-13 14:38:41',NULL,NULL);
INSERT INTO "challenges" ("id","lesson_id","type","question","audio_url","order","created_at","sentence","translation") VALUES(221,17,'FILL_BLANK','___ the hare was sleeping, the tortoise kept on going.',NULL,3,'2026-03-13 14:38:41',NULL,NULL);
INSERT INTO "challenges" ("id","lesson_id","type","question","audio_url","order","created_at","sentence","translation") VALUES(222,17,'FILL_BLANK','After a ___, the hare woke up.',NULL,4,'2026-03-13 14:38:41',NULL,NULL);
INSERT INTO "challenges" ("id","lesson_id","type","question","audio_url","order","created_at","sentence","translation") VALUES(223,17,'FILL_BLANK','The hare ___ up and saw the tortoise at the finish line.',NULL,5,'2026-03-13 14:38:41',NULL,NULL);
INSERT INTO "challenges" ("id","lesson_id","type","question","audio_url","order","created_at","sentence","translation") VALUES(224,17,'FILL_BLANK','The tortoise had ___ crossed the line.',NULL,6,'2026-03-13 14:38:41',NULL,NULL);
INSERT INTO "challenges" ("id","lesson_id","type","question","audio_url","order","created_at","sentence","translation") VALUES(225,18,'FILL_BLANK','The hare rushed ___ the finish line.',NULL,0,'2026-03-13 14:38:41',NULL,NULL);
INSERT INTO "challenges" ("id","lesson_id","type","question","audio_url","order","created_at","sentence","translation") VALUES(226,18,'FILL_BLANK','The tortoise was the ___.',NULL,1,'2026-03-13 14:38:41',NULL,NULL);
INSERT INTO "challenges" ("id","lesson_id","type","question","audio_url","order","created_at","sentence","translation") VALUES(227,18,'FILL_BLANK','___ slow but steady wins the race.',NULL,2,'2026-03-13 14:38:41',NULL,NULL);
INSERT INTO "challenges" ("id","lesson_id","type","question","audio_url","order","created_at","sentence","translation") VALUES(228,18,'FILL_BLANK','The hare ___ in shame after losing.',NULL,3,'2026-03-13 14:38:41',NULL,NULL);
INSERT INTO "challenges" ("id","lesson_id","type","question","audio_url","order","created_at","sentence","translation") VALUES(229,18,'FILL_BLANK','The ___ kept on going while the hare slept.',NULL,4,'2026-03-13 14:38:41',NULL,NULL);
INSERT INTO "challenges" ("id","lesson_id","type","question","audio_url","order","created_at","sentence","translation") VALUES(230,18,'FILL_BLANK','The hare ran as ___ as he could toward the finish line.',NULL,5,'2026-03-13 14:38:41',NULL,NULL);
INSERT INTO "challenges" ("id","lesson_id","type","question","audio_url","order","created_at","sentence","translation") VALUES(231,16,'TRANSLATE','There is a tree on the hill.',NULL,7,'2026-03-13 14:38:41',NULL,NULL);
INSERT INTO "challenges" ("id","lesson_id","type","question","audio_url","order","created_at","sentence","translation") VALUES(232,16,'TRANSLATE','Don''t brag about winning before the race is over.',NULL,8,'2026-03-13 14:38:41',NULL,NULL);
INSERT INTO "challenges" ("id","lesson_id","type","question","audio_url","order","created_at","sentence","translation") VALUES(233,16,'TRANSLATE','Nobody likes to be teased for being slow.',NULL,9,'2026-03-13 14:38:41',NULL,NULL);
INSERT INTO "challenges" ("id","lesson_id","type","question","audio_url","order","created_at","sentence","translation") VALUES(234,16,'TRANSLATE','The rabbit and the tortoise met in the woods one day.',NULL,10,'2026-03-13 14:38:41',NULL,NULL);
INSERT INTO "challenges" ("id","lesson_id","type","question","audio_url","order","created_at","sentence","translation") VALUES(235,17,'TRANSLATE','The hare started running as soon as he heard go.',NULL,7,'2026-03-13 14:38:41',NULL,NULL);
INSERT INTO "challenges" ("id","lesson_id","type","question","audio_url","order","created_at","sentence","translation") VALUES(236,17,'TRANSLATE','He would rather take a nap than finish his homework.',NULL,8,'2026-03-13 14:38:41',NULL,NULL);
INSERT INTO "challenges" ("id","lesson_id","type","question","audio_url","order","created_at","sentence","translation") VALUES(237,17,'TRANSLATE','He looked back and saw his friends behind him.',NULL,9,'2026-03-13 14:38:41',NULL,NULL);
INSERT INTO "challenges" ("id","lesson_id","type","question","audio_url","order","created_at","sentence","translation") VALUES(238,17,'TRANSLATE','The hare was faster, but the tortoise never gave up.',NULL,10,'2026-03-13 14:38:41',NULL,NULL);
INSERT INTO "challenges" ("id","lesson_id","type","question","audio_url","order","created_at","sentence","translation") VALUES(239,18,'TRANSLATE','While I was sleeping, my brother kept on studying.',NULL,6,'2026-03-13 14:38:41',NULL,NULL);
INSERT INTO "challenges" ("id","lesson_id","type","question","audio_url","order","created_at","sentence","translation") VALUES(240,18,'TRANSLATE','He woke up and saw the finish line was still far away.',NULL,7,'2026-03-13 14:38:41',NULL,NULL);
INSERT INTO "challenges" ("id","lesson_id","type","question","audio_url","order","created_at","sentence","translation") VALUES(241,18,'TRANSLATE','The true winner is the one who never stops trying.',NULL,8,'2026-03-13 14:38:41',NULL,NULL);
INSERT INTO "challenges" ("id","lesson_id","type","question","audio_url","order","created_at","sentence","translation") VALUES(242,18,'TRANSLATE','He sobbed in shame when he lost the game.',NULL,9,'2026-03-13 14:38:41',NULL,NULL);
INSERT INTO "challenges" ("id","lesson_id","type","question","audio_url","order","created_at","sentence","translation") VALUES(243,19,'SELECT_TRANSLATION','lion',NULL,0,'2026-03-13 14:41:49',NULL,NULL);
INSERT INTO "challenges" ("id","lesson_id","type","question","audio_url","order","created_at","sentence","translation") VALUES(244,19,'SELECT_TRANSLATION','sleeping',NULL,1,'2026-03-13 14:41:49',NULL,NULL);
INSERT INTO "challenges" ("id","lesson_id","type","question","audio_url","order","created_at","sentence","translation") VALUES(245,19,'SELECT_TRANSLATION','under',NULL,2,'2026-03-13 14:41:49',NULL,NULL);
INSERT INTO "challenges" ("id","lesson_id","type","question","audio_url","order","created_at","sentence","translation") VALUES(246,19,'SELECT_TRANSLATION','tree',NULL,3,'2026-03-13 14:41:49',NULL,NULL);
INSERT INTO "challenges" ("id","lesson_id","type","question","audio_url","order","created_at","sentence","translation") VALUES(247,19,'SELECT_TRANSLATION','little',NULL,4,'2026-03-13 14:41:49',NULL,NULL);
INSERT INTO "challenges" ("id","lesson_id","type","question","audio_url","order","created_at","sentence","translation") VALUES(248,19,'SELECT_TRANSLATION','mouse',NULL,5,'2026-03-13 14:41:49',NULL,NULL);
INSERT INTO "challenges" ("id","lesson_id","type","question","audio_url","order","created_at","sentence","translation") VALUES(249,19,'SELECT_TRANSLATION','playing',NULL,6,'2026-03-13 14:41:49',NULL,NULL);
INSERT INTO "challenges" ("id","lesson_id","type","question","audio_url","order","created_at","sentence","translation") VALUES(250,19,'SELECT_TRANSLATION','around',NULL,7,'2026-03-13 14:41:49',NULL,NULL);
INSERT INTO "challenges" ("id","lesson_id","type","question","audio_url","order","created_at","sentence","translation") VALUES(251,19,'SELECT_TRANSLATION','suddenly',NULL,8,'2026-03-13 14:41:49',NULL,NULL);
INSERT INTO "challenges" ("id","lesson_id","type","question","audio_url","order","created_at","sentence","translation") VALUES(252,19,'SELECT_TRANSLATION','woke',NULL,9,'2026-03-13 14:41:49',NULL,NULL);
INSERT INTO "challenges" ("id","lesson_id","type","question","audio_url","order","created_at","sentence","translation") VALUES(253,19,'SELECT_TRANSLATION','eat',NULL,10,'2026-03-13 14:41:49',NULL,NULL);
INSERT INTO "challenges" ("id","lesson_id","type","question","audio_url","order","created_at","sentence","translation") VALUES(254,19,'SELECT_TRANSLATION','pick up',NULL,11,'2026-03-13 14:41:49',NULL,NULL);
INSERT INTO "challenges" ("id","lesson_id","type","question","audio_url","order","created_at","sentence","translation") VALUES(255,19,'SELECT_TRANSLATION','open',NULL,12,'2026-03-13 14:41:49',NULL,NULL);
INSERT INTO "challenges" ("id","lesson_id","type","question","audio_url","order","created_at","sentence","translation") VALUES(256,19,'SELECT_TRANSLATION','mouth',NULL,13,'2026-03-13 14:41:49',NULL,NULL);
INSERT INTO "challenges" ("id","lesson_id","type","question","audio_url","order","created_at","sentence","translation") VALUES(257,19,'SELECT_TRANSLATION','his',NULL,14,'2026-03-13 14:41:49',NULL,NULL);
INSERT INTO "challenges" ("id","lesson_id","type","question","audio_url","order","created_at","sentence","translation") VALUES(258,19,'SELECT_TRANSLATION','please',NULL,15,'2026-03-13 14:41:49',NULL,NULL);
INSERT INTO "challenges" ("id","lesson_id","type","question","audio_url","order","created_at","sentence","translation") VALUES(259,19,'SELECT_TRANSLATION','let me go',NULL,16,'2026-03-13 14:41:49',NULL,NULL);
INSERT INTO "challenges" ("id","lesson_id","type","question","audio_url","order","created_at","sentence","translation") VALUES(260,19,'SELECT_TRANSLATION','help',NULL,17,'2026-03-13 14:41:49',NULL,NULL);
INSERT INTO "challenges" ("id","lesson_id","type","question","audio_url","order","created_at","sentence","translation") VALUES(261,19,'SELECT_TRANSLATION','one day',NULL,18,'2026-03-13 14:41:49',NULL,NULL);
INSERT INTO "challenges" ("id","lesson_id","type","question","audio_url","order","created_at","sentence","translation") VALUES(262,19,'MATCH_PAIRS','Match the English words with their Chinese translations.',NULL,19,'2026-03-13 14:41:49',NULL,NULL);
INSERT INTO "challenges" ("id","lesson_id","type","question","audio_url","order","created_at","sentence","translation") VALUES(263,19,'MATCH_PAIRS','Match the English words with their Chinese translations.',NULL,20,'2026-03-13 14:41:49',NULL,NULL);
INSERT INTO "challenges" ("id","lesson_id","type","question","audio_url","order","created_at","sentence","translation") VALUES(264,19,'MATCH_PAIRS','Match the English words with their Chinese translations.',NULL,21,'2026-03-13 14:41:49',NULL,NULL);
INSERT INTO "challenges" ("id","lesson_id","type","question","audio_url","order","created_at","sentence","translation") VALUES(265,19,'MATCH_PAIRS','Match the English words with their Chinese translations.',NULL,22,'2026-03-13 14:41:49',NULL,NULL);
INSERT INTO "challenges" ("id","lesson_id","type","question","audio_url","order","created_at","sentence","translation") VALUES(266,19,'TRANSLATE','A lion was sleeping under a tree.',NULL,23,'2026-03-13 14:41:49',NULL,NULL);
INSERT INTO "challenges" ("id","lesson_id","type","question","audio_url","order","created_at","sentence","translation") VALUES(267,19,'TRANSLATE','A little mouse was playing around the lion.',NULL,24,'2026-03-13 14:41:49',NULL,NULL);
INSERT INTO "challenges" ("id","lesson_id","type","question","audio_url","order","created_at","sentence","translation") VALUES(268,19,'TRANSLATE','Suddenly the lion woke up.',NULL,25,'2026-03-13 14:41:49',NULL,NULL);
INSERT INTO "challenges" ("id","lesson_id","type","question","audio_url","order","created_at","sentence","translation") VALUES(269,19,'TRANSLATE','Who woke me up? I will eat you.',NULL,26,'2026-03-13 14:41:49',NULL,NULL);
INSERT INTO "challenges" ("id","lesson_id","type","question","audio_url","order","created_at","sentence","translation") VALUES(270,19,'TRANSLATE','The lion picked up the mouse and opened his mouth.',NULL,27,'2026-03-13 14:41:49',NULL,NULL);
INSERT INTO "challenges" ("id","lesson_id","type","question","audio_url","order","created_at","sentence","translation") VALUES(271,19,'TRANSLATE','Oh no, please don''t eat me.',NULL,28,'2026-03-13 14:41:49',NULL,NULL);
INSERT INTO "challenges" ("id","lesson_id","type","question","audio_url","order","created_at","sentence","translation") VALUES(272,19,'TRANSLATE','If you''ll let me go, I will help you one day.',NULL,29,'2026-03-13 14:41:49',NULL,NULL);
INSERT INTO "challenges" ("id","lesson_id","type","question","audio_url","order","created_at","sentence","translation") VALUES(273,20,'SELECT_TRANSLATION','do',NULL,0,'2026-03-13 14:41:49',NULL,NULL);
INSERT INTO "challenges" ("id","lesson_id","type","question","audio_url","order","created_at","sentence","translation") VALUES(274,20,'SELECT_TRANSLATION','laugh',NULL,1,'2026-03-13 14:41:49',NULL,NULL);
INSERT INTO "challenges" ("id","lesson_id","type","question","audio_url","order","created_at","sentence","translation") VALUES(275,20,'SELECT_TRANSLATION','run away',NULL,2,'2026-03-13 14:41:49',NULL,NULL);
INSERT INTO "challenges" ("id","lesson_id","type","question","audio_url","order","created_at","sentence","translation") VALUES(276,20,'SELECT_TRANSLATION','next',NULL,3,'2026-03-13 14:41:49',NULL,NULL);
INSERT INTO "challenges" ("id","lesson_id","type","question","audio_url","order","created_at","sentence","translation") VALUES(277,20,'SELECT_TRANSLATION','next day',NULL,4,'2026-03-13 14:41:49',NULL,NULL);
INSERT INTO "challenges" ("id","lesson_id","type","question","audio_url","order","created_at","sentence","translation") VALUES(278,20,'SELECT_TRANSLATION','caught',NULL,5,'2026-03-13 14:41:49',NULL,NULL);
INSERT INTO "challenges" ("id","lesson_id","type","question","audio_url","order","created_at","sentence","translation") VALUES(279,20,'SELECT_TRANSLATION','trap',NULL,6,'2026-03-13 14:41:49',NULL,NULL);
INSERT INTO "challenges" ("id","lesson_id","type","question","audio_url","order","created_at","sentence","translation") VALUES(280,20,'SELECT_TRANSLATION','saw',NULL,7,'2026-03-13 14:41:49',NULL,NULL);
INSERT INTO "challenges" ("id","lesson_id","type","question","audio_url","order","created_at","sentence","translation") VALUES(281,20,'SELECT_TRANSLATION','ran',NULL,8,'2026-03-13 14:41:49',NULL,NULL);
INSERT INTO "challenges" ("id","lesson_id","type","question","audio_url","order","created_at","sentence","translation") VALUES(282,20,'SELECT_TRANSLATION','began',NULL,9,'2026-03-13 14:41:49',NULL,NULL);
INSERT INTO "challenges" ("id","lesson_id","type","question","audio_url","order","created_at","sentence","translation") VALUES(283,20,'SELECT_TRANSLATION','saved my life',NULL,10,'2026-03-13 14:41:49',NULL,NULL);
INSERT INTO "challenges" ("id","lesson_id","type","question","audio_url","order","created_at","sentence","translation") VALUES(284,20,'SELECT_TRANSLATION','from that day',NULL,11,'2026-03-13 14:41:49',NULL,NULL);
INSERT INTO "challenges" ("id","lesson_id","type","question","audio_url","order","created_at","sentence","translation") VALUES(285,20,'SELECT_TRANSLATION','became',NULL,12,'2026-03-13 14:41:49',NULL,NULL);
INSERT INTO "challenges" ("id","lesson_id","type","question","audio_url","order","created_at","sentence","translation") VALUES(286,20,'MATCH_PAIRS','Match the English words with their Chinese translations.',NULL,13,'2026-03-13 14:41:49',NULL,NULL);
INSERT INTO "challenges" ("id","lesson_id","type","question","audio_url","order","created_at","sentence","translation") VALUES(287,20,'MATCH_PAIRS','Match the English words with their Chinese translations.',NULL,14,'2026-03-13 14:41:49',NULL,NULL);
INSERT INTO "challenges" ("id","lesson_id","type","question","audio_url","order","created_at","sentence","translation") VALUES(288,20,'MATCH_PAIRS','Match the English words with their Chinese translations.',NULL,15,'2026-03-13 14:41:49',NULL,NULL);
INSERT INTO "challenges" ("id","lesson_id","type","question","audio_url","order","created_at","sentence","translation") VALUES(289,20,'TRANSLATE','I''m a lion and you''re a mouse, what can you do?',NULL,16,'2026-03-13 14:41:49',NULL,NULL);
INSERT INTO "challenges" ("id","lesson_id","type","question","audio_url","order","created_at","sentence","translation") VALUES(290,20,'TRANSLATE','The lion laughed.',NULL,17,'2026-03-13 14:41:49',NULL,NULL);
INSERT INTO "challenges" ("id","lesson_id","type","question","audio_url","order","created_at","sentence","translation") VALUES(291,20,'TRANSLATE','Fine, I''ll let you go.',NULL,18,'2026-03-13 14:41:49',NULL,NULL);
INSERT INTO "challenges" ("id","lesson_id","type","question","audio_url","order","created_at","sentence","translation") VALUES(292,20,'TRANSLATE','The mouse ran away.',NULL,19,'2026-03-13 14:41:49',NULL,NULL);
INSERT INTO "challenges" ("id","lesson_id","type","question","audio_url","order","created_at","sentence","translation") VALUES(293,20,'TRANSLATE','The next day, the lion got caught in a trap.',NULL,20,'2026-03-13 14:41:49',NULL,NULL);
INSERT INTO "challenges" ("id","lesson_id","type","question","audio_url","order","created_at","sentence","translation") VALUES(294,20,'TRANSLATE','The mouse who saw this ran to the lion and began to chew the rope.',NULL,21,'2026-03-13 14:41:49',NULL,NULL);
INSERT INTO "challenges" ("id","lesson_id","type","question","audio_url","order","created_at","sentence","translation") VALUES(295,20,'TRANSLATE','Thank you. You saved my life.',NULL,22,'2026-03-13 14:41:49',NULL,NULL);
INSERT INTO "challenges" ("id","lesson_id","type","question","audio_url","order","created_at","sentence","translation") VALUES(296,20,'TRANSLATE','From that day, the lion and the mouse became best friends.',NULL,23,'2026-03-13 14:41:49',NULL,NULL);
INSERT INTO "challenges" ("id","lesson_id","type","question","audio_url","order","created_at","sentence","translation") VALUES(297,21,'FILL_BLANK','In the zoo the ___ was sleeping in the sun.',NULL,0,'2026-03-13 14:41:49',NULL,NULL);
INSERT INTO "challenges" ("id","lesson_id","type","question","audio_url","order","created_at","sentence","translation") VALUES(298,21,'FILL_BLANK','The dog hid ___ the table.',NULL,1,'2026-03-13 14:41:49',NULL,NULL);
INSERT INTO "challenges" ("id","lesson_id","type","question","audio_url","order","created_at","sentence","translation") VALUES(299,21,'FILL_BLANK','My ___ brother likes to draw.',NULL,2,'2026-03-13 14:41:49',NULL,NULL);
INSERT INTO "challenges" ("id","lesson_id","type","question","audio_url","order","created_at","sentence","translation") VALUES(300,21,'FILL_BLANK','___ the bell rang and we ran to class.',NULL,3,'2026-03-13 14:41:49',NULL,NULL);
INSERT INTO "challenges" ("id","lesson_id","type","question","audio_url","order","created_at","sentence","translation") VALUES(301,21,'FILL_BLANK','Can you ___ up the keys for me?',NULL,4,'2026-03-13 14:41:49',NULL,NULL);
INSERT INTO "challenges" ("id","lesson_id","type","question","audio_url","order","created_at","sentence","translation") VALUES(302,21,'FILL_BLANK','___ don''t eat my lunch!',NULL,5,'2026-03-13 14:41:49',NULL,NULL);
INSERT INTO "challenges" ("id","lesson_id","type","question","audio_url","order","created_at","sentence","translation") VALUES(303,21,'TRANSLATE','The cat was sleeping under the tree.',NULL,6,'2026-03-13 14:41:49',NULL,NULL);
INSERT INTO "challenges" ("id","lesson_id","type","question","audio_url","order","created_at","sentence","translation") VALUES(304,21,'TRANSLATE','The little boy wanted to play.',NULL,7,'2026-03-13 14:41:49',NULL,NULL);
INSERT INTO "challenges" ("id","lesson_id","type","question","audio_url","order","created_at","sentence","translation") VALUES(305,21,'TRANSLATE','He opened his mouth and yawned.',NULL,8,'2026-03-13 14:41:49',NULL,NULL);
INSERT INTO "challenges" ("id","lesson_id","type","question","audio_url","order","created_at","sentence","translation") VALUES(306,21,'TRANSLATE','One day I will help you.',NULL,9,'2026-03-13 14:41:49',NULL,NULL);
INSERT INTO "challenges" ("id","lesson_id","type","question","audio_url","order","created_at","sentence","translation") VALUES(307,22,'FILL_BLANK','She ___ at his joke.',NULL,0,'2026-03-13 14:41:49',NULL,NULL);
INSERT INTO "challenges" ("id","lesson_id","type","question","audio_url","order","created_at","sentence","translation") VALUES(308,22,'FILL_BLANK','The rabbit ___ away when it saw us.',NULL,1,'2026-03-13 14:41:49',NULL,NULL);
INSERT INTO "challenges" ("id","lesson_id","type","question","audio_url","order","created_at","sentence","translation") VALUES(309,22,'FILL_BLANK','The ___ day we went to the park.',NULL,2,'2026-03-13 14:41:49',NULL,NULL);
INSERT INTO "challenges" ("id","lesson_id","type","question","audio_url","order","created_at","sentence","translation") VALUES(310,22,'FILL_BLANK','He ___ to sing a song.',NULL,3,'2026-03-13 14:41:49',NULL,NULL);
INSERT INTO "challenges" ("id","lesson_id","type","question","audio_url","order","created_at","sentence","translation") VALUES(311,22,'FILL_BLANK','The doctor ___ my life.',NULL,4,'2026-03-13 14:41:49',NULL,NULL);
INSERT INTO "challenges" ("id","lesson_id","type","question","audio_url","order","created_at","sentence","translation") VALUES(312,22,'TRANSLATE','She laughed when she heard the joke.',NULL,5,'2026-03-13 14:41:49',NULL,NULL);
INSERT INTO "challenges" ("id","lesson_id","type","question","audio_url","order","created_at","sentence","translation") VALUES(313,22,'TRANSLATE','The next day he was caught in the rain.',NULL,6,'2026-03-13 14:41:49',NULL,NULL);
INSERT INTO "challenges" ("id","lesson_id","type","question","audio_url","order","created_at","sentence","translation") VALUES(314,22,'TRANSLATE','She began to read the book.',NULL,7,'2026-03-13 14:41:49',NULL,NULL);
INSERT INTO "challenges" ("id","lesson_id","type","question","audio_url","order","created_at","sentence","translation") VALUES(315,22,'TRANSLATE','From that day we became friends.',NULL,8,'2026-03-13 14:41:49',NULL,NULL);
CREATE TABLE `lessons` (
	`id` integer PRIMARY KEY AUTOINCREMENT NOT NULL,
	`unit_id` integer NOT NULL,
	`title` text NOT NULL,
	`order` integer DEFAULT 0 NOT NULL,
	`created_at` text DEFAULT (current_timestamp) NOT NULL,
	FOREIGN KEY (`unit_id`) REFERENCES `units`(`id`) ON UPDATE no action ON DELETE cascade
);
INSERT INTO "lessons" ("id","unit_id","title","order","created_at") VALUES(1,1,'Early Life',0,'2026-03-08 08:20:28');
INSERT INTO "lessons" ("id","unit_id","title","order","created_at") VALUES(2,1,'Musical Journey',1,'2026-03-08 08:20:28');
INSERT INTO "lessons" ("id","unit_id","title","order","created_at") VALUES(3,2,'Who Was Nobel?',0,'2026-03-08 08:20:28');
INSERT INTO "lessons" ("id","unit_id","title","order","created_at") VALUES(13,5,'Part 1',0,'2026-03-13 14:38:41');
INSERT INTO "lessons" ("id","unit_id","title","order","created_at") VALUES(14,5,'Part 2',1,'2026-03-13 14:38:41');
INSERT INTO "lessons" ("id","unit_id","title","order","created_at") VALUES(15,5,'Part 3',2,'2026-03-13 14:38:41');
INSERT INTO "lessons" ("id","unit_id","title","order","created_at") VALUES(16,5,'Part 1 Practice',3,'2026-03-13 14:38:41');
INSERT INTO "lessons" ("id","unit_id","title","order","created_at") VALUES(17,5,'Part 2 Practice',4,'2026-03-13 14:38:41');
INSERT INTO "lessons" ("id","unit_id","title","order","created_at") VALUES(18,5,'Part 3 Practice',5,'2026-03-13 14:38:41');
INSERT INTO "lessons" ("id","unit_id","title","order","created_at") VALUES(19,6,'Part 1',0,'2026-03-13 14:41:49');
INSERT INTO "lessons" ("id","unit_id","title","order","created_at") VALUES(20,6,'Part 2',1,'2026-03-13 14:41:49');
INSERT INTO "lessons" ("id","unit_id","title","order","created_at") VALUES(21,6,'Part 1 Practice',2,'2026-03-13 14:41:49');
INSERT INTO "lessons" ("id","unit_id","title","order","created_at") VALUES(22,6,'Part 2 Practice',3,'2026-03-13 14:41:49');
CREATE TABLE `subjects` (
	`id` integer PRIMARY KEY AUTOINCREMENT NOT NULL,
	`title` text NOT NULL,
	`description` text DEFAULT '' NOT NULL,
	`image_url` text,
	`order` integer DEFAULT 0 NOT NULL,
	`created_at` text DEFAULT (current_timestamp) NOT NULL
);
INSERT INTO "subjects" ("id","title","description","image_url","order","created_at") VALUES(1,'Famous Biographies','Learn English through the stories of great people','biography',1,'2026-03-08 08:20:28');
INSERT INTO "subjects" ("id","title","description","image_url","order","created_at") VALUES(2,'童话故事','Classic stories retold in English','story',0,'2026-03-08 08:20:28');
CREATE TABLE `units` (
	`id` integer PRIMARY KEY AUTOINCREMENT NOT NULL,
	`subject_id` integer NOT NULL,
	`title` text NOT NULL,
	`description` text DEFAULT '' NOT NULL,
	`order` integer DEFAULT 0 NOT NULL,
	`created_at` text DEFAULT (current_timestamp) NOT NULL,
	FOREIGN KEY (`subject_id`) REFERENCES `subjects`(`id`) ON UPDATE no action ON DELETE cascade
);
INSERT INTO "units" ("id","subject_id","title","description","order","created_at") VALUES(1,1,'Beethoven','The legendary composer who changed music forever',0,'2026-03-08 08:20:28');
INSERT INTO "units" ("id","subject_id","title","description","order","created_at") VALUES(2,1,'Alfred Nobel','The inventor of dynamite and founder of the Nobel Prize',1,'2026-03-08 08:20:28');
INSERT INTO "units" ("id","subject_id","title","description","order","created_at") VALUES(5,2,'The Hare and the Tortoise','A classic fable about steady progress and humility',1,'2026-03-13 14:38:41');
INSERT INTO "units" ("id","subject_id","title","description","order","created_at") VALUES(6,2,'The Lion and the Mouse','A fable about kindness and helping others',0,'2026-03-13 14:41:49');
CREATE TABLE `challenge_progress` (
	`id` integer PRIMARY KEY AUTOINCREMENT NOT NULL,
	`user_id` text NOT NULL,
	`challenge_id` integer NOT NULL,
	`completed` integer DEFAULT false NOT NULL,
	FOREIGN KEY (`challenge_id`) REFERENCES `challenges`(`id`) ON UPDATE no action ON DELETE cascade
);
DELETE FROM sqlite_sequence;
INSERT INTO "sqlite_sequence" ("name","seq") VALUES('d1_migrations',4);
INSERT INTO "sqlite_sequence" ("name","seq") VALUES('subjects',2);
INSERT INTO "sqlite_sequence" ("name","seq") VALUES('units',6);
INSERT INTO "sqlite_sequence" ("name","seq") VALUES('lessons',22);
INSERT INTO "sqlite_sequence" ("name","seq") VALUES('challenges',315);
INSERT INTO "sqlite_sequence" ("name","seq") VALUES('challenge_options',1160);
INSERT INTO "sqlite_sequence" ("name","seq") VALUES('challenge_tokens',28);
